,id,общая информация,Дата,Команда1,счет1,Команда2,счет2,Температура,Признак погоды,поб1,X,поб2,ТМ 2.5,ТБ 2.5,Матчи 1,Матчи 2,Отдых: дни (часы) 1,Отдых: дни (часы) 2,Победы 1,Победы 2,Ничьи 1,Ничьи 2,Поражения 1,Поражения 2,Забито голов 1,Забито голов 2,Пропущено голов 1,Пропущено голов 2,Забито голов за игру 1,Забито голов за игру 2,Пропущено голов за игру 1,Пропущено голов за игру 2,Сухие матчи 1,Сухие матчи 2,обе забьют 1,обе забьют 2,Тотал больше 2.5 1,Тотал больше 2.5 2,Тотал меньше 2.5 1,Тотал меньше 2.5 2,Удары 1,Удары 2,Удары  (соперник) 1,Удары  (соперник) 2,Удары в створ 1,Удары в створ 2,Удары в створ  (соперник) 1,Удары в створ  (соперник) 2,Владение 1,Владение 2,Владение  (соперник) 1,Владение  (соперник) 2,Угловые 1,Угловые 2,Угловые  (соперник) 1,Угловые  (соперник) 2,Нарушения 1,Нарушения 2,Нарушения  (соперник) 1,Нарушения  (соперник) 2,Офсайды 1,Офсайды 2,Офсайды  (соперник) 1,Офсайды  (соперник) 2,Желтые карточки 1,Желтые карточки 2,Желтые карточки  (соперник) 1,Желтые карточки  (соперник) 2,Красные карточки 1,Красные карточки 2,Красные карточки  (соперник) 1,Красные карточки  (соперник) 2
0,15326205,"Бундеслига, 5-й тур, регулярный сезон, 19.09.2021 18:30",19.09.2021 18:30,Боруссия Дортмунд,4,Унион Берлин,2,+16°C,переменная облачность,1.3,6.65,12.0,2.82,1.41,10,10,(93) 3.9,2.9 (69),60%   6,5   50%,0,4   40%,40%   4,1   10%,23,15,18,8,2.30,1.50,1.80,0.80,20%   2,5   50%,70%   7,5   50%,90%   9,5   50%,10%   1,5   50%,14.89,12.20,9.56,9.40,7.00,6.00,4.11,3.50,57.75,48.56,42.25,51.44,5.22,4.70,3.56,5.10,10.50,10.67,10.63,8.22,2.25,2.25,0.75,2.00,1.67,1.10,1.89,1.20,0,0.20,0,0
1,15326206,"Бундеслига, 5-й тур, регулярный сезон, 18.09.2021 16:30",18.09.2021 16:30,Бавария,7,Бохум,0,+11°C,небольшой дождь,1.07,16.0,33.0,5.55,1.1,10,10,(89) 3.7,5.9 (141),60%   6,4   40%,20%   2,0,20%   2,6   60%,33,11,12,14,3.30,1.10,1.20,1.40,30%   3,2   20%,50%   5,5   50%,80%   8,5   50%,20%   2,5   50%,15.50,8.67,8.10,11.11,6.90,3.78,3.60,4.56,55.20,51.00,44.80,49.00,5.80,5.00,2.90,4.11,11.40,11.33,8.70,11.67,1.50,2.00,2.20,2.00,0.90,1.22,0.60,1.33,0,0.11,0.10,0.11
2,15326207,"Бундеслига, 6-й тур, регулярный сезон, 24.09.2021 21:30",24.09.2021 21:30,Гройтер,1,Бавария,3,+13°C,переменная облачность,22.0,11.0,1.13,4.05,1.19,10,10,(167) 7.0,6.2 (148),0,7   70%,30%   3,1   10%,70%   7,2   20%,10,38,22,10,1.00,3.80,2.20,1.00,0,4   40%,70%   7,4   40%,60%   6,8   80%,40%   4,2   20%,11.71,16.50,12.71,7.30,4.86,7.80,5.14,2.90,49.50,57.20,50.50,42.80,5.00,5.40,5.14,2.60,14.33,11.10,15.33,8.50,2.00,1.50,1.50,2.40,2.00,0.90,2.00,0.70,0,0,0.14,0.10
3,15326208,"Бундеслига, 6-й тур, регулярный сезон, 26.09.2021 16:30",26.09.2021 16:30,Бохум,0,Штутгарт,0,+15°C,переменная облачность,3.34,3.58,2.24,2.2,1.75,10,10,(191) 8.0,7.0 (167),30%   3,5   50%,0,1   10%,70%   7,4   40%,8,24,20,17,0.80,2.40,2.00,1.70,20%   2,3   30%,40%   4,5   50%,50%   5,8   80%,50%   5,2   20%,8.33,10.89,13.00,9.22,3.33,5.67,5.78,4.11,49.25,52.00,50.75,48.00,5.00,3.56,4.11,4.22,11.00,10.63,10.71,10.50,2.50,1.38,1.83,0.75,1.33,1.33,1.44,1.11,0.11,0.11,0.11,0.11
4,15326209,"Бундеслига, 6-й тур, регулярный сезон, 25.09.2021 16:30",25.09.2021 16:30,Хоффенхайм,3,Вольфсбург,1,+13°C,переменная облачность,2.64,3.58,2.9,2.25,1.79,10,10,(167) 7.0,5.8 (139),30%   3,4   40%,40%   4,3   30%,30%   3,3   30%,16,13,13,13,1.60,1.30,1.30,1.30,30%   3,4   40%,50%   5,6   60%,60%   6,5   50%,40%   4,5   50%,9.50,9.33,9.63,9.33,4.50,3.44,4.63,3.11,48.71,50.38,51.29,49.63,5.13,4.44,4.38,3.78,9.86,12.88,11.71,11.00,2.00,1.71,4.67,1.29,1.75,2.00,1.50,2.22,0,0.11,0.13,0.11
5,15326210,"Бундеслига, 6-й тур, регулярный сезон, 26.09.2021 18:30",26.09.2021 18:30,Фрайбург,3,Аугсбург,0,+14°C,переменная облачность,1.83,3.68,4.85,1.96,1.94,10,10,(193) 8.0,8.0 (193),40%   4,4   40%,50%   5,3   30%,10%   1,3   30%,11,14,8,16,1.10,1.40,0.80,1.60,40%   4,3   30%,60%   6,6   60%,40%   4,7   70%,60%   6,3   30%,9.63,13.33,10.00,11.00,3.88,5.22,4.00,4.56,52.63,44.83,47.38,55.17,4.88,5.44,4.13,3.78,12.00,9.67,11.29,9.67,1.50,2.50,1.50,1.67,1.50,1.22,2.00,1.56,0,0,0.13,0
6,15326211,"Бундеслига, 6-й тур, регулярный сезон, 25.09.2021 19:30",25.09.2021 19:30,Боруссия М,1,Боруссия Дортмунд,0,+13°C,небольшой дождь,3.48,3.9,2.18,2.39,1.55,10,10,(170) 7.1,6.0 (144),50%   5,7   70%,10%   1,0,40%   4,3   30%,12,26,13,17,1.20,2.60,1.30,1.70,30%   3,2   20%,50%   5,7   70%,50%   5,9   90%,50%   5,1   10%,10.00,15.78,9.90,9.56,3.90,7.22,3.80,4.11,49.33,58.33,50.67,41.67,3.90,5.33,5.70,4.00,9.50,10.56,12.13,10.89,2.00,2.00,2.50,1.00,1.40,1.89,1.60,2.22,0,0,0,0
7,15326212,"Бундеслига, 6-й тур, регулярный сезон, 25.09.2021 16:30",25.09.2021 16:30,Унион Берлин,1,Арминия Билефельд,0,+15°C,переменная облачность,1.69,3.88,5.7,1.84,2.07,10,10,(141) 5.9,7.0 (167),40%   4,2   20%,40%   4,5   50%,20%   2,3   30%,15,13,11,17,1.50,1.30,1.10,1.70,50%   5,3   30%,50%   5,6   60%,50%   5,4   40%,50%   5,6   60%,12.50,9.89,9.90,10.56,6.20,4.33,3.60,3.78,42.22,51.13,57.78,48.88,5.10,3.33,5.00,3.89,12.00,11.38,9.33,8.25,2.33,1.29,1.78,2.57,1.30,1.44,1.30,2.11,0.20,0.11,0,0
8,15326213,"Бундеслига, 6-й тур, регулярный сезон, 25.09.2021 16:30",25.09.2021 16:30,Байер,1,Майнц,0,+12°C,небольшой дождь,1.74,4.15,4.8,2.25,1.72,10,10,(143) 6.0,7.0 (167),60%   6,6   60%,20%   2,2   20%,20%   2,2   20%,24,12,14,7,2.40,1.20,1.40,0.70,30%   3,6   60%,70%   7,2   20%,80%   8,3   30%,20%   2,7   70%,11.50,11.56,10.50,8.00,4.75,3.78,4.88,1.89,54.38,48.14,45.63,51.86,5.75,7.00,3.00,4.89,9.00,15.57,10.43,13.86,1.57,2.71,1.00,2.00,1.75,1.22,1.13,1.56,0.13,0,0,0
9,15326214,"Бундеслига, 6-й тур, регулярный сезон, 25.09.2021 16:30",25.09.2021 16:30,Айнтрахт Франкфурт,1,Кёльн,1,+15°C,пасмурно,2.13,3.85,3.38,2.44,1.53,10,10,(139) 5.8,6.8 (164),20%   2,6   60%,50%   5,3   30%,30%   3,1   10%,16,18,16,12,1.60,1.80,1.60,1.20,10%   1,1   10%,80%   8,9   90%,40%   4,5   50%,60%   6,5   50%,11.33,17.78,8.78,9.11,3.67,5.78,4.56,2.78,55.86,42.50,44.14,57.50,4.78,5.89,3.67,3.67,13.86,10.71,9.71,12.43,2.14,1.83,2.29,2.17,2.22,1.56,1.67,1.11,0.11,0.11,0.11,0
10,15326215,"Бундеслига, 6-й тур, регулярный сезон, 25.09.2021 16:30",25.09.2021 16:30,РБ Лейпциг,6,Герта,0,+16°C,умеренный дождь,1.31,6.0,10.5,2.46,1.52,10,10,(164) 6.8,7.8 (186),30%   3,6   60%,20%   2,1   10%,50%   5,3   30%,16,19,16,18,1.60,1.90,1.60,1.80,30%   3,2   20%,50%   5,7   70%,50%   5,8   80%,50%   5,2   20%,12.30,7.60,10.00,9.60,4.50,3.80,3.90,3.60,48.90,47.29,51.10,52.71,6.10,4.10,3.80,4.20,9.20,11.86,9.60,13.29,2.44,1.57,1.89,0.86,0.90,1.40,1.80,1.40,0.10,0,0,0
11,15326216,"Бундеслига, 7-й тур, регулярный сезон, 01.10.2021 21:30",01.10.2021 21:30,Кёльн,3,Гройтер,1,+12°C,умеренный дождь,1.44,5.25,7.2,2.78,1.42,10,10,(148) 6.2,7.0 (167),50%   5,0,40%   4,3   30%,10%   1,7   70%,16,11,11,24,1.60,1.10,1.10,2.40,10%   1,0,90%   9,8   80%,40%   4,7   70%,60%   6,3   30%,17.78,11.86,8.89,13.57,5.11,5.43,2.89,5.43,43.89,47.86,56.11,52.14,5.44,5.00,4.22,5.14,11.63,15.00,12.25,15.00,1.71,2.43,2.43,1.43,1.78,2.57,1.22,1.86,0.11,0,0,0.29
12,15326217,"Бундеслига, 7-й тур, регулярный сезон, 03.10.2021 20:30",03.10.2021 20:30,Арминия Билефельд,0,Байер,4,+17°C,переменная облачность,5.2,4.15,1.69,2.34,1.57,10,10,(195) 8.1,2.9 (69),20%   2,8   80%,50%   5,1   10%,30%   3,1   10%,13,28,15,9,1.30,2.80,1.50,0.90,30%   3,4   40%,60%   6,6   60%,30%   3,8   80%,70%   7,2   20%,9.60,12.33,11.10,11.22,4.10,5.44,3.80,5.22,50.56,54.78,49.44,45.22,3.40,5.78,4.00,3.00,10.67,9.44,8.33,10.44,1.25,1.78,2.75,1.22,1.30,2.11,2.00,1.56,0.10,0.11,0,0
13,15326218,"Бундеслига, 7-й тур, регулярный сезон, 02.10.2021 16:30",02.10.2021 16:30,Герта,1,Фрайбург,2,+15°C,переменная облачность,3.14,3.35,2.45,1.78,2.15,10,10,(167) 7.0,5.9 (141),60%   6,4   40%,0,5   50%,40%   4,1   10%,18,12,23,7,1.80,1.20,2.30,0.70,20%   2,5   50%,60%   6,5   50%,90%   9,4   40%,10%   1,6   60%,7.30,10.50,11.10,10.75,3.70,4.50,4.40,4.00,46.50,47.75,53.50,52.25,3.80,4.75,4.20,4.50,12.75,13.57,12.63,13.00,1.88,1.57,1.13,1.29,1.60,1.38,1.30,2.00,0,0,0,0.13
14,15326219,"Бундеслига, 7-й тур, регулярный сезон, 03.10.2021 16:30",03.10.2021 16:30,Майнц,1,Унион Берлин,2,+16°C,пасмурно,2.18,3.38,3.7,1.72,2.25,10,10,(191) 8.0,2.7 (65),60%   6,5   50%,20%   2,3   30%,20%   2,2   20%,12,17,7,10,1.20,1.70,0.70,1.00,60%   6,6   60%,20%   2,4   40%,30%   3,6   60%,70%   7,4   40%,11.44,13.10,8.44,8.90,3.89,6.30,2.56,3.40,46.71,44.67,53.29,55.33,6.22,5.30,4.78,4.40,16.00,12.11,13.43,9.89,2.29,2.44,1.57,1.56,1.56,1.30,2.00,1.40,0,0.20,0,0
15,15326220,"Бундеслига, 7-й тур, регулярный сезон, 02.10.2021 16:30",02.10.2021 16:30,Штутгарт,3,Хоффенхайм,1,+15°C,переменная облачность,2.89,3.6,2.49,2.26,1.61,10,10,(143) 6.0,7.0 (167),40%   4,4   40%,20%   2,4   40%,40%   4,2   20%,23,19,17,13,2.30,1.90,1.70,1.30,30%   3,3   30%,50%   5,6   60%,80%   8,7   70%,20%   2,3   30%,11.78,10.50,10.78,10.50,6.00,4.63,4.56,4.38,52.13,55.00,47.88,45.00,3.56,5.75,5.00,4.13,10.78,11.29,11.11,12.86,1.22,1.71,0.89,4.29,1.89,2.00,1.33,1.75,0.11,0,0.11,0.13
16,15326221,"Бундеслига, 7-й тур, регулярный сезон, 02.10.2021 16:30",02.10.2021 16:30,Вольфсбург,1,Боруссия М,3,+17°C,переменная облачность,2.13,3.66,3.86,2.04,1.95,10,10,(65) 2.7,6.8 (164),40%   4,6   60%,40%   4,1   10%,20%   2,3   30%,13,12,11,10,1.30,1.20,1.10,1.00,40%   4,4   40%,60%   6,4   40%,40%   4,4   40%,60%   6,6   60%,10.22,10.40,10.11,9.70,3.44,3.90,2.78,3.40,53.56,55.44,46.44,44.56,4.22,4.10,5.11,5.10,13.89,10.33,12.33,12.44,1.67,2.25,1.11,2.56,2.56,1.50,2.56,1.60,0.22,0,0.11,0.10
17,15326222,"Бундеслига, 7-й тур, регулярный сезон, 02.10.2021 16:30",02.10.2021 16:30,Боруссия Дортмунд,2,Аугсбург,1,+16°C,переменная облачность,1.22,7.4,14.0,2.9,1.39,10,10,(89) 3.7,5.9 (141),70%   7,4   40%,0,2   20%,30%   3,4   40%,24,12,16,17,2.40,1.20,1.60,1.70,20%   2,3   30%,70%   7,5   50%,80%   8,7   70%,20%   2,3   30%,13.80,12.56,10.00,12.00,6.10,4.89,4.10,4.89,56.30,44.29,43.70,55.71,5.00,5.11,4.20,4.11,11.00,10.14,11.60,9.86,2.50,2.14,1.50,1.71,2.10,1.33,2.60,1.56,0.10,0,0,0
18,15326223,"Бундеслига, 7-й тур, регулярный сезон, 02.10.2021 19:30",02.10.2021 19:30,РБ Лейпциг,3,Бохум,0,+16°C,умеренный дождь,1.18,8.5,16.75,3.2,1.33,10,10,(92) 3.8,6.1 (146),30%   3,2   20%,20%   2,1   10%,50%   5,7   70%,21,7,16,20,2.10,0.70,1.60,2.00,30%   3,2   20%,50%   5,4   40%,60%   6,5   50%,40%   4,5   50%,15.10,8.89,9.60,12.89,5.70,3.44,4.10,6.00,55.90,42.75,44.10,57.25,6.40,4.89,4.20,4.22,11.20,11.63,12.80,10.88,2.60,2.43,2.70,1.57,0.90,1.56,2.00,2.00,0.10,0.11,0,0.11
19,15326224,"Бундеслига, 7-й тур, регулярный сезон, 03.10.2021 18:30",03.10.2021 18:30,Бавария,1,Айнтрахт Франкфурт,2,+11°C,небольшой дождь,1.12,13.25,29.0,4.5,1.16,10,10,(91) 3.8,2.9 (69),90%   9,2   20%,10%   1,6   60%,0,2   20%,46,10,6,13,4.60,1.00,0.60,1.30,50%   5,2   20%,50%   5,7   70%,90%   9,2   20%,10%   1,8   80%,17.90,9.40,7.10,9.90,8.70,2.90,2.80,4.40,58.00,54.33,42.00,45.67,5.40,5.20,3.50,3.80,10.30,13.33,9.40,11.11,1.10,2.44,3.10,2.00,1.00,2.30,1.20,2.10,0.10,0.10,0.10,0.10
20,15326225,"Бундеслига, 8-й тур, регулярный сезон, 16.10.2021 16:30",16.10.2021 16:30,Гройтер,0,Бохум,1,+13°C,переменная облачность,2.4,3.5,3.1,2.1,1.82,10,10,(354) 14.8,9.1 (219),0,3   30%,20%   2,1   10%,80%   8,6   60%,11,11,26,23,1.10,1.10,2.60,2.30,0,2   20%,80%   8,4   40%,80%   8,6   60%,20%   2,4   40%,11.13,9.30,14.38,13.20,5.13,3.80,5.88,6.30,46.50,42.44,53.50,57.56,4.50,5.10,5.50,3.60,15.38,12.11,15.13,10.78,2.38,2.88,1.38,1.38,2.38,1.40,1.75,1.70,0,0.10,0.25,0.10
21,15326226,"Бундеслига, 8-й тур, регулярный сезон, 17.10.2021 18:30",17.10.2021 18:30,Аугсбург,1,Арминия Билефельд,1,+16°C,солнечно,2.2,3.3,3.74,1.76,2.18,10,10,(245) 10.2,13.9 (333),40%   4,1   10%,20%   2,5   50%,40%   4,4   40%,10,12,16,19,1.00,1.20,1.60,1.90,40%   4,2   20%,40%   4,6   60%,60%   6,4   40%,40%   4,6   60%,10.88,10.30,13.63,12.30,4.38,4.40,5.00,4.40,42.88,43.33,57.13,56.67,4.75,3.60,5.00,4.10,10.88,12.00,9.75,9.00,2.38,1.33,1.63,2.44,1.50,1.70,1.38,2.10,0,0.10,0,0
22,15326227,"Бундеслига, 8-й тур, регулярный сезон, 15.10.2021 21:30",15.10.2021 21:30,Хоффенхайм,5,Кёльн,0,+13°C,переменная облачность,2.03,4.05,3.5,2.78,1.42,10,10,(316) 13.2,14.0 (335),40%   4,5   50%,30%   3,4   40%,30%   3,1   10%,18,17,14,12,1.80,1.70,1.40,1.20,30%   3,0,60%   6,10   100%,70%   7,5   50%,30%   3,5   50%,10.67,18.33,10.56,9.33,4.56,5.33,4.56,3.22,55.50,50.78,44.50,49.22,5.56,5.78,4.67,4.22,11.25,12.11,13.00,12.89,1.63,1.63,3.88,2.38,1.89,1.89,1.56,1.33,0,0.11,0.11,0
23,15326228,"Бундеслига, 8-й тур, регулярный сезон, 16.10.2021 16:30",16.10.2021 16:30,Фрайбург,1,РБ Лейпциг,1,+14°C,переменная облачность,4.15,3.78,1.93,2.11,1.81,10,10,(219) 9.1,10.1 (243),60%   6,3   30%,30%   3,1   10%,10%   1,6   60%,16,20,7,17,1.60,2.00,0.70,1.70,50%   5,3   30%,50%   5,5   50%,60%   6,7   70%,40%   4,3   30%,10.89,15.60,11.33,9.90,5.11,6.10,4.00,4.30,50.44,55.89,49.56,44.11,5.11,5.20,4.44,4.10,13.11,11.11,13.44,13.22,2.00,1.78,1.13,3.56,1.33,0.90,2.22,2.00,0,0.10,0.11,0
24,15326229,"Бундеслига, 8-й тур, регулярный сезон, 16.10.2021 19:30",16.10.2021 19:30,Боруссия М,1,Штутгарт,1,+13°C,небольшой дождь,1.51,5.0,6.15,2.46,1.52,10,10,(338) 14.1,9.3 (222),60%   6,4   40%,10%   1,2   20%,30%   3,4   40%,14,22,11,17,1.40,2.20,1.10,1.70,30%   3,3   30%,50%   5,6   60%,50%   5,8   80%,50%   5,2   20%,11.60,13.50,10.10,12.38,4.80,7.00,3.80,4.88,54.67,52.86,45.33,47.14,4.30,4.88,4.40,5.63,10.44,12.00,13.56,12.00,2.50,1.13,2.67,0.88,1.70,2.13,2.20,1.50,0,0.13,0.20,0.13
25,15326230,"Бундеслига, 8-й тур, регулярный сезон, 16.10.2021 16:30",16.10.2021 16:30,Унион Берлин,2,Вольфсбург,0,+15°C,переменная облачность,2.45,3.26,3.22,1.78,2.15,10,10,(243) 10.1,10.1 (243),50%   5,4   40%,20%   2,4   40%,30%   3,2   20%,14,16,12,13,1.40,1.60,1.20,1.30,50%   5,3   30%,50%   5,7   70%,60%   6,5   50%,40%   4,5   50%,13.67,9.33,9.56,11.33,5.56,3.11,3.56,4.00,45.50,52.13,54.50,47.88,5.00,3.78,3.44,5.78,11.63,15.00,10.88,13.00,1.63,1.75,1.25,1.25,1.67,3.11,1.33,2.44,0.11,0.33,0.11,0
26,15326231,"Бундеслига, 8-й тур, регулярный сезон, 17.10.2021 16:30",17.10.2021 16:30,Байер,1,Бавария,5,+20°C,переменная облачность,4.75,4.8,1.71,3.26,1.32,10,10,(331) 13.8,13.9 (333),80%   8,9   90%,10%   1,0,10%   1,1   10%,29,46,8,7,2.90,4.60,0.80,0.70,50%   5,5   50%,50%   5,5   50%,80%   8,10   100%,20%   2,0,12.70,18.10,11.00,6.80,5.60,8.90,5.00,2.70,56.00,59.40,44.00,40.60,5.60,5.60,2.90,3.30,9.20,10.50,10.60,9.50,1.60,1.10,1.30,2.80,2.00,1.20,1.80,1.10,0.10,0.10,0,0.10
27,15326232,"Бундеслига, 8-й тур, регулярный сезон, 16.10.2021 16:30",16.10.2021 16:30,Айнтрахт Франкфурт,1,Герта,2,+15°C,пасмурно,1.76,4.15,4.65,2.17,1.77,10,10,(309) 12.9,14.0 (335),20%   2,5   50%,60%   6,0,20%   2,5   50%,10,15,13,22,1.00,1.50,1.30,2.20,20%   2,2   20%,70%   7,6   60%,20%   2,9   90%,80%   8,1   10%,8.90,7.90,11.60,9.80,2.90,3.70,5.20,3.90,51.70,46.13,48.30,53.88,5.00,4.10,4.70,4.60,12.80,13.38,10.60,12.75,2.20,1.63,2.20,1.63,2.20,1.80,2.20,1.10,0.10,0,0.10,0
28,15326233,"Бундеслига, 8-й тур, регулярный сезон, 16.10.2021 16:30",16.10.2021 16:30,Боруссия Дортмунд,3,Майнц,1,+16°C,переменная облачность,1.43,5.45,8.4,2.49,1.51,10,10,(214) 8.9,7.0 (168),60%   6,4   40%,0,3   30%,40%   4,3   30%,18,10,18,8,1.80,1.00,1.80,0.80,10%   1,5   50%,70%   7,3   30%,80%   8,3   30%,20%   2,7   70%,13.89,10.70,9.78,8.80,5.44,3.70,4.22,2.40,56.56,47.25,43.44,52.75,4.78,6.10,4.44,4.60,12.00,15.88,12.33,12.50,2.22,2.00,2.00,1.38,2.33,1.60,2.89,2.10,0.11,0.20,0,0
29,15326234,"Бундеслига, 9-й тур, регулярный сезон, 24.10.2021 20:30",24.10.2021 20:30,Бохум,2,Айнтрахт Франкфурт,0,+15°C,переменная облачность,3.6,3.78,2.07,2.1,1.82,10,10,(195) 8.1,2.9 (69),30%   3,3   30%,10%   1,6   60%,60%   6,1   10%,10,12,22,9,1.00,1.20,2.20,0.90,30%   3,2   20%,30%   3,8   80%,50%   5,3   30%,50%   5,7   70%,9.60,10.90,14.10,11.10,3.40,3.60,6.30,4.40,39.56,51.00,60.44,49.00,4.00,5.50,3.70,4.30,12.22,13.70,11.11,11.80,2.50,2.20,1.13,2.10,1.50,2.20,1.80,2.70,0.10,0,0,0.10
30,15326235,"Бундеслига, 9-й тур, регулярный сезон, 24.10.2021 16:30",24.10.2021 16:30,Кёльн,2,Байер,2,+12°C,умеренный дождь,3.1,4.05,2.2,2.54,1.49,10,10,(210) 8.8,2.8 (67),40%   4,7   70%,40%   4,1   10%,20%   2,2   20%,15,27,16,13,1.50,2.70,1.60,1.30,0,4   40%,90%   9,6   60%,50%   5,8   80%,50%   5,2   20%,17.50,12.10,9.70,13.70,4.80,5.90,3.70,5.80,50.60,53.10,49.40,46.90,5.50,5.50,4.10,3.50,11.60,10.80,12.90,10.30,2.00,1.70,2.33,1.20,1.80,2.30,1.30,1.80,0.10,0.10,0,0
31,15326236,"Бундеслига, 9-й тур, регулярный сезон, 23.10.2021 16:30",23.10.2021 16:30,Арминия Билефельд,1,Боруссия Дортмунд,3,+17°C,переменная облачность,6.55,4.65,1.52,2.13,1.68,10,10,(141) 5.9,3.7 (89),10%   1,7   70%,60%   6,0,30%   3,3   30%,11,19,15,18,1.10,1.90,1.50,1.80,20%   2,1   10%,60%   6,6   60%,30%   3,8   80%,70%   7,2   20%,11.20,13.11,13.10,10.11,4.60,5.44,4.60,4.44,43.44,55.33,56.56,44.67,4.10,4.00,4.80,4.22,13.00,10.44,9.22,11.44,1.44,2.00,3.11,2.33,1.80,2.00,2.40,3.11,0.10,0.11,0,0
32,15326237,"Бундеслига, 9-й тур, регулярный сезон, 23.10.2021 19:30",23.10.2021 19:30,Герта,1,Боруссия М,0,+15°C,переменная облачность,3.5,3.56,2.18,2.08,1.83,10,10,(170) 7.1,7.0 (167),50%   5,5   50%,0,2   20%,50%   5,3   30%,14,13,21,12,1.40,1.30,2.10,1.20,20%   2,2   20%,60%   6,6   60%,90%   9,5   50%,10%   1,5   50%,9.10,13.80,11.10,9.80,4.30,5.20,4.40,3.80,45.89,55.67,54.11,44.33,4.30,5.10,5.10,4.00,13.67,11.00,13.22,14.22,2.00,2.38,1.44,2.67,1.90,2.00,1.20,2.50,0,0,0,0.20
33,15326238,"Бундеслига, 9-й тур, регулярный сезон, 22.10.2021 21:30",22.10.2021 21:30,Майнц,4,Аугсбург,1,+16°C,пасмурно,1.67,4.0,5.75,1.82,2.1,10,10,(148) 6.2,5.1 (122),30%   3,3   30%,30%   3,3   30%,40%   4,4   40%,9,7,9,15,0.90,0.70,0.90,1.50,50%   5,4   40%,30%   3,4   40%,30%   3,5   50%,70%   7,5   50%,8.90,9.00,9.30,14.13,3.30,2.88,2.50,4.88,43.50,41.50,56.50,58.50,4.40,4.00,5.20,5.63,15.38,11.38,11.63,10.50,2.13,2.75,1.50,1.25,1.80,1.75,2.10,1.38,0.20,0,0,0
34,15326239,"Бундеслига, 9-й тур, регулярный сезон, 24.10.2021 18:30",24.10.2021 18:30,Штутгарт,1,Унион Берлин,1,+15°C,переменная облачность,2.41,3.36,3.2,1.95,1.95,10,10,(190) 7.9,2.9 (69),30%   3,5   50%,30%   3,1   10%,40%   4,4   40%,17,15,18,14,1.70,1.50,1.80,1.40,20%   2,5   50%,70%   7,5   50%,70%   7,6   60%,30%   3,4   40%,13.13,12.11,16.00,10.22,6.25,5.00,5.63,4.22,51.50,46.50,48.50,53.50,4.88,4.56,5.63,3.22,12.88,10.13,12.13,12.00,1.13,1.63,0.75,1.00,2.38,2.00,1.50,1.22,0.13,0.11,0.13,0.11
35,15326240,"Бундеслига, 9-й тур, регулярный сезон, 23.10.2021 16:30",23.10.2021 16:30,Вольфсбург,0,Фрайбург,2,+17°C,переменная облачность,2.25,3.46,3.74,1.81,2.22,10,10,(67) 2.8,7.0 (167),20%   2,6   60%,40%   4,4   40%,40%   4,0,14,16,17,6,1.40,1.60,1.70,0.60,20%   2,5   50%,70%   7,5   50%,50%   5,5   50%,50%   5,5   50%,9.78,11.30,10.78,11.50,3.22,4.80,4.22,4.00,51.38,50.60,48.63,49.40,3.33,5.40,6.00,4.50,13.88,12.80,12.13,13.80,1.25,1.89,1.63,1.11,2.78,1.20,2.67,2.40,0.33,0,0,0.10
36,15326241,"Бундеслига, 9-й тур, регулярный сезон, 23.10.2021 16:30",23.10.2021 16:30,РБ Лейпциг,4,Гройтер,1,+16°C,умеренный дождь,1.12,10.75,24.0,3.54,1.28,10,10,(89) 3.7,7.0 (167),20%   2,0,20%   2,1   10%,60%   6,9   90%,19,9,20,25,1.90,0.90,2.00,2.50,20%   2,0,70%   7,7   70%,70%   7,7   70%,30%   3,3   30%,14.50,11.22,10.90,13.78,6.00,4.89,4.20,5.44,52.11,47.56,47.89,52.44,4.40,4.44,4.70,5.22,13.11,15.44,12.78,15.22,1.67,2.11,3.56,1.44,1.40,2.33,1.80,2.00,0.10,0,0,0.22
37,15326242,"Бундеслига, 9-й тур, регулярный сезон, 23.10.2021 16:30",23.10.2021 16:30,Бавария,4,Хоффенхайм,0,+11°C,небольшой дождь,1.22,8.8,14.5,4.4,1.2,10,10,(65) 2.7,7.8 (186),90%   9,4   40%,0,3   30%,10%   1,3   30%,49,20,5,13,4.90,2.00,0.50,1.30,60%   6,4   40%,40%   4,5   50%,100%   10,7   70%,0,3   30%,19.70,11.00,6.50,10.89,9.70,5.00,2.60,4.33,60.40,55.00,39.60,45.00,5.70,5.33,3.20,4.78,9.70,11.44,9.40,12.33,1.90,1.67,2.40,4.00,1.00,1.78,1.00,1.56,0.10,0,0.10,0.11
38,15326243,"Бундеслига, 10-й тур, регулярный сезон, 30.10.2021 16:30",30.10.2021 16:30,Арминия Билефельд,1,Майнц,2,+17°C,переменная облачность,3.5,3.56,2.18,1.91,1.99,10,10,(89) 3.7,3.7 (89),0,4   40%,50%   5,3   30%,50%   5,3   30%,7,15,17,10,0.70,1.50,1.70,1.00,20%   2,4   40%,60%   6,5   50%,40%   4,5   50%,60%   6,5   50%,11.40,10.40,14.90,9.00,4.20,4.50,5.40,3.00,41.30,45.88,58.70,56.13,4.50,4.30,5.20,4.60,13.60,13.50,9.00,10.88,1.20,2.25,3.10,1.75,1.44,1.67,2.00,2.00,0.11,0.22,0,0
39,15326244,"Бундеслига, 10-й тур, регулярный сезон, 31.10.2021 16:30",31.10.2021 16:30,Аугсбург,4,Штутгарт,1,+16°C,солнечно,2.78,3.3,2.76,1.94,1.96,10,10,(91) 3.8,3.7 (89),30%   3,2   20%,20%   2,4   40%,50%   5,4   40%,10,13,17,16,1.00,1.30,1.70,1.60,30%   3,2   20%,60%   6,7   70%,60%   6,5   50%,40%   4,5   50%,10.13,9.63,14.63,14.63,3.63,4.13,5.13,5.00,42.25,51.75,57.75,48.25,4.63,3.88,5.88,5.75,12.50,13.63,10.63,12.75,2.50,0.88,1.00,0.75,1.86,2.57,1.00,1.71,0,0.29,0,0.14
40,15326245,"Бундеслига, 10-й тур, регулярный сезон, 29.10.2021 21:30",29.10.2021 21:30,Хоффенхайм,2,Герта,0,+13°C,переменная облачность,1.76,3.96,4.9,2.25,1.72,10,10,(73) 3.0,3.0 (73),40%   4,5   50%,20%   2,0,40%   4,5   50%,22,14,16,22,2.20,1.40,1.60,2.20,30%   3,1   10%,50%   5,7   70%,80%   8,9   90%,20%   2,1   10%,11.50,9.80,11.80,13.00,4.50,4.00,4.60,5.20,52.70,44.00,47.30,56.00,4.60,4.50,4.90,5.60,11.40,13.50,10.10,13.50,1.60,2.20,3.20,1.50,1.89,1.89,1.22,1.33,0,0,0.11,0
41,15326246,"Бундеслига, 10-й тур, регулярный сезон, 30.10.2021 16:30",30.10.2021 16:30,Фрайбург,3,Гройтер,1,+14°C,переменная облачность,1.43,5.05,7.8,2.34,1.67,10,10,(89) 3.7,7.0 (167),70%   7,0,30%   3,1   10%,0,9   90%,19,8,8,26,1.90,0.80,0.80,2.60,40%   4,0,60%   6,7   70%,60%   6,7   70%,40%   4,3   30%,11.60,10.90,13.30,13.70,4.80,4.80,4.20,5.40,48.90,47.60,51.10,52.40,4.60,4.40,5.40,5.00,13.90,15.10,15.10,15.20,2.00,2.10,1.00,1.60,0.67,2.10,2.44,2.00,0,0,0.11,0.20
42,15326247,"Бундеслига, 10-й тур, регулярный сезон, 31.10.2021 18:30",31.10.2021 18:30,Боруссия М,2,Бохум,1,+13°C,небольшой дождь,1.35,5.75,9.1,2.6,1.47,10,10,(91) 3.8,3.9 (93),40%   4,4   40%,20%   2,1   10%,40%   4,5   50%,15,12,12,23,1.50,1.20,1.20,2.30,20%   2,3   30%,50%   5,4   40%,50%   5,6   60%,50%   5,4   40%,14.30,11.70,10.80,13.70,5.00,4.20,4.10,6.10,55.00,41.22,45.00,58.78,5.10,4.70,4.20,4.20,11.50,12.00,13.80,10.78,2.50,2.50,2.50,0.88,2.11,1.00,2.44,1.89,0,0,0.22,0
43,15326248,"Бундеслига, 10-й тур, регулярный сезон, 30.10.2021 16:30",30.10.2021 16:30,Унион Берлин,2,Бавария,5,+15°C,переменная облачность,10.0,5.9,1.36,2.78,1.42,10,10,(67) 2.8,2.7 (65),50%   5,8   80%,10%   1,0,40%   4,2   20%,17,36,16,10,1.70,3.60,1.60,1.00,30%   3,5   50%,70%   7,4   40%,70%   7,10   100%,30%   3,0,9.78,18.60,10.67,7.50,3.89,8.30,4.00,3.00,46.22,59.40,53.78,40.60,3.67,5.30,3.11,2.90,10.78,9.80,12.22,10.90,1.56,2.40,1.33,2.60,2.25,1.00,1.38,1.56,0.13,0.11,0.25,0
44,15326249,"Бундеслига, 10-й тур, регулярный сезон, 30.10.2021 16:30",30.10.2021 16:30,Байер,0,Вольфсбург,2,+20°C,переменная облачность,1.98,3.9,4.1,2.23,1.8,10,10,(68) 2.8,7.0 (167),50%   5,2   20%,20%   2,3   30%,30%   3,5   50%,22,11,16,16,2.20,1.10,1.60,1.60,30%   3,2   20%,70%   7,6   60%,80%   8,4   40%,20%   2,6   60%,11.60,10.50,13.40,10.80,5.70,3.30,5.70,4.20,52.60,51.67,47.40,48.33,5.90,3.70,3.90,5.50,10.90,14.22,9.30,12.44,1.70,1.11,1.20,1.56,2.33,2.80,1.89,2.40,0.11,0.30,0,0
45,15326250,"Бундеслига, 10-й тур, регулярный сезон, 30.10.2021 19:30",30.10.2021 19:30,Айнтрахт Франкфурт,1,РБ Лейпциг,1,+15°C,пасмурно,4.55,4.25,1.76,2.32,1.58,10,10,(142) 5.9,4.0 (95),30%   3,4   40%,50%   5,2   20%,20%   2,4   40%,12,23,11,16,1.20,2.30,1.10,1.60,10%   1,3   30%,80%   8,7   70%,30%   3,7   70%,70%   7,3   30%,10.50,15.10,12.70,9.40,3.70,6.60,5.10,3.80,50.30,54.11,49.70,45.89,5.60,4.60,4.60,3.90,13.80,12.56,11.90,12.89,2.10,2.33,2.10,3.78,2.10,1.56,2.40,1.56,0,0.11,0.10,0
46,15326251,"Бундеслига, 10-й тур, регулярный сезон, 30.10.2021 16:30",30.10.2021 16:30,Боруссия Дортмунд,2,Кёльн,0,+16°C,переменная облачность,1.5,4.95,6.4,2.57,1.48,10,10,(90) 3.8,2.7 (65),70%   7,4   40%,0,4   40%,30%   3,2   20%,17,17,14,16,1.70,1.70,1.40,1.60,20%   2,1   10%,50%   5,8   80%,70%   7,6   60%,30%   3,4   40%,12.11,14.30,9.67,10.50,4.67,4.50,4.00,4.30,59.33,53.80,40.67,46.20,3.89,4.90,4.00,4.60,10.44,12.40,11.33,13.80,1.78,2.00,2.22,2.30,1.63,2.00,2.75,1.56,0.13,0.11,0,0
47,15326252,"Бундеслига, 11-й тур, регулярный сезон, 07.11.2021 20:30",07.11.2021 20:30,Гройтер,1,Айнтрахт Франкфурт,2,+13°C,переменная облачность,3.84,3.72,2.02,2.2,1.75,10,10,(195) 8.1,3.0 (71),0,4   40%,10%   1,4   40%,90%   9,2   20%,7,13,27,11,0.70,1.30,2.70,1.10,0,1   10%,70%   7,8   80%,70%   7,4   40%,30%   3,6   60%,10.00,9.30,14.70,13.20,3.50,3.60,5.70,5.50,45.60,48.10,54.40,51.90,3.50,5.40,5.20,4.50,14.20,14.10,14.40,11.50,1.80,2.00,1.60,2.40,2.00,2.10,1.50,2.10,0,0,0.20,0
48,15326253,"Бундеслига, 11-й тур, регулярный сезон, 06.11.2021 16:30",06.11.2021 16:30,Бохум,2,Хоффенхайм,0,+15°C,переменная облачность,3.84,3.9,1.97,2.23,1.73,10,10,(141) 5.9,7.8 (186),40%   4,4   40%,10%   1,2   20%,50%   5,4   40%,12,20,23,16,1.20,2.00,2.30,1.60,30%   3,3   30%,40%   4,5   50%,60%   6,7   70%,40%   4,3   30%,11.90,11.50,13.00,11.50,4.50,4.00,6.10,4.70,42.11,52.80,57.89,47.20,4.30,5.00,4.60,4.70,11.33,12.00,10.33,10.10,2.75,1.70,0.75,3.30,1.00,1.89,1.78,1.22,0,0,0,0.22
49,15326254,"Бундеслига, 11-й тур, регулярный сезон, 07.11.2021 18:30",07.11.2021 18:30,Кёльн,2,Унион Берлин,2,+12°C,умеренный дождь,2.11,3.54,3.72,2.01,1.89,10,10,(193) 8.0,2.8 (67),30%   3,5   50%,40%   4,1   10%,30%   3,4   40%,14,17,17,16,1.40,1.70,1.70,1.60,10%   1,3   30%,70%   7,7   70%,50%   5,7   70%,50%   5,3   30%,14.80,11.22,10.00,10.89,4.60,4.67,4.30,4.44,53.50,47.56,46.50,52.44,4.80,4.11,4.50,3.11,11.70,10.22,13.40,11.22,1.80,1.56,2.30,1.22,1.89,2.14,1.56,1.00,0.11,0,0,0.29
50,15326255,"Бундеслига, 11-й тур, регулярный сезон, 07.11.2021 16:30",07.11.2021 16:30,Герта,1,Байер,1,+15°C,переменная облачность,3.48,3.7,2.14,2.05,1.86,10,10,(210) 8.8,2.7 (65),50%   5,5   50%,0,2   20%,50%   5,3   30%,13,21,21,13,1.30,2.10,2.10,1.30,10%   1,4   40%,60%   6,5   50%,80%   8,7   70%,20%   2,3   30%,9.10,11.70,12.90,13.70,3.80,5.50,5.00,6.00,44.30,53.20,55.70,46.80,4.40,5.80,6.10,4.40,13.00,11.40,13.20,9.50,2.30,2.10,1.60,1.50,1.78,2.33,1.11,1.78,0.11,0.22,0,0.22
51,15326256,"Бундеслига, 11-й тур, регулярный сезон, 05.11.2021 21:30",05.11.2021 21:30,Майнц,1,Боруссия М,1,+16°C,пасмурно,2.78,3.56,2.6,2.08,1.83,10,10,(148) 6.2,5.1 (122),40%   4,5   50%,30%   3,1   10%,30%   3,4   40%,14,16,11,12,1.40,1.60,1.10,1.20,30%   3,2   20%,60%   6,5   50%,50%   5,6   60%,50%   5,4   40%,10.20,14.80,9.60,10.00,4.30,5.10,3.40,3.60,45.38,56.70,54.63,43.30,4.20,5.70,5.30,3.50,12.00,11.50,12.50,14.90,2.38,2.40,1.13,2.40,1.78,2.00,2.00,2.56,0.22,0,0,0.22
52,15326257,"Бундеслига, 11-й тур, регулярный сезон, 06.11.2021 16:30",06.11.2021 16:30,Штутгарт,0,Арминия Билефельд,1,+15°C,переменная облачность,2.03,3.54,4.0,1.98,1.92,10,10,(143) 6.0,7.0 (167),20%   2,0,40%   4,4   40%,40%   4,6   60%,12,8,17,19,1.20,0.80,1.70,1.90,20%   2,1   10%,70%   7,7   70%,50%   5,5   50%,50%   5,5   50%,9.13,11.80,15.25,15.40,3.63,4.30,5.63,5.50,51.38,41.70,48.63,58.30,3.50,4.70,6.00,4.90,13.75,13.90,12.88,8.90,0.75,1.10,1.00,3.30,2.86,1.33,2.00,1.89,0.29,0.11,0.14,0
53,15326258,"Бундеслига, 11-й тур, регулярный сезон, 06.11.2021 16:30",06.11.2021 16:30,Вольфсбург,1,Аугсбург,0,+17°C,переменная облачность,1.62,4.1,6.2,2.08,1.83,10,10,(91) 3.8,6.0 (143),30%   3,4   40%,20%   2,2   20%,50%   5,4   40%,13,13,17,14,1.30,1.30,1.70,1.40,10%   1,3   30%,70%   7,6   60%,50%   5,6   60%,50%   5,4   40%,11.50,10.88,10.50,14.38,4.20,4.63,4.10,5.00,48.22,41.75,51.78,58.25,3.50,5.00,6.10,6.00,14.00,12.88,12.56,10.88,1.33,2.63,1.56,1.00,2.60,2.29,2.40,1.43,0.30,0,0,0
54,15326259,"Бундеслига, 11-й тур, регулярный сезон, 06.11.2021 19:30",06.11.2021 19:30,РБ Лейпциг,2,Боруссия Дортмунд,1,+16°C,умеренный дождь,1.9,4.2,4.15,2.44,1.53,10,10,(68) 2.8,2.8 (68),40%   4,6   60%,30%   3,0,30%   3,4   40%,22,14,12,14,2.20,1.40,1.20,1.40,30%   3,3   30%,70%   7,4   40%,70%   7,6   60%,30%   3,4   40%,15.60,11.44,8.10,11.11,6.60,4.22,3.10,4.22,54.33,56.67,45.67,43.33,4.20,3.89,3.80,3.89,12.89,9.78,13.33,10.78,2.56,2.33,3.33,2.56,1.67,1.50,1.89,2.50,0,0.25,0,0
55,15326260,"Бундеслига, 11-й тур, регулярный сезон, 06.11.2021 16:30",06.11.2021 16:30,Бавария,2,Фрайбург,1,+16°C,переменная облачность,1.2,9.2,16.75,3.48,1.25,10,10,(89) 3.7,7.0 (167),80%   8,7   70%,0,3   30%,20%   2,0,39,20,13,8,3.90,2.00,1.30,0.80,40%   4,4   40%,50%   5,6   60%,100%   10,6   60%,0,4   40%,19.00,12.00,7.60,12.10,8.70,4.80,3.40,4.20,61.10,51.60,38.90,48.40,5.60,5.10,3.20,4.60,9.40,13.50,10.50,15.00,2.70,2.11,2.70,1.00,1.11,0.56,1.67,2.22,0.11,0,0,0.11
56,15326261,"Бундеслига, 12-й тур, регулярный сезон, 20.11.2021 16:30",20.11.2021 16:30,Арминия Билефельд,2,Вольфсбург,2,+17°C,переменная облачность,4.05,3.4,2.07,1.82,2.1,10,10,(335) 14.0,10.0 (240),10%   1,4   40%,30%   3,1   10%,60%   6,5   50%,8,13,18,16,0.80,1.30,1.80,1.60,20%   2,2   20%,60%   6,6   60%,50%   5,5   50%,50%   5,5   50%,12.10,10.78,14.40,10.78,4.40,4.00,5.30,4.44,41.90,48.63,58.10,51.38,5.10,2.89,5.20,6.67,13.50,14.63,8.80,11.88,1.30,1.00,3.00,2.00,1.56,2.67,1.44,2.11,0,0.33,0,0
57,15326262,"Бундеслига, 12-й тур, регулярный сезон, 19.11.2021 21:30",19.11.2021 21:30,Аугсбург,2,Бавария,1,+16°C,солнечно,14.25,8.2,1.2,3.54,1.28,10,10,(316) 13.2,13.2 (316),30%   3,8   80%,20%   2,0,50%   5,2   20%,11,34,14,14,1.10,3.40,1.40,1.40,30%   3,3   30%,50%   5,6   60%,50%   5,10   100%,50%   5,0,10.67,19.40,13.89,8.60,4.44,8.40,4.78,3.70,41.33,61.00,58.67,39.00,5.33,6.00,5.33,3.40,12.78,9.40,11.22,10.90,2.56,2.90,1.11,2.20,2.38,1.00,1.50,1.56,0,0.11,0,0
58,15326263,"Бундеслига, 12-й тур, регулярный сезон, 21.11.2021 18:30",21.11.2021 18:30,Майнц,1,Кёльн,1,+16°C,пасмурно,2.12,3.64,3.6,2.1,1.82,10,10,(380) 15.8,11.1 (266),40%   4,3   30%,30%   3,5   50%,30%   3,2   20%,15,16,12,15,1.50,1.60,1.20,1.50,20%   2,2   20%,70%   7,6   60%,50%   5,5   50%,50%   5,5   50%,12.20,14.70,10.80,8.70,5.10,5.10,3.90,4.10,45.00,54.33,55.00,45.67,4.70,5.10,4.90,4.40,12.33,11.67,12.00,13.11,2.33,1.56,1.11,2.44,2.11,1.78,2.33,1.56,0.22,0.11,0,0
59,15326264,"Бундеслига, 12-й тур, регулярный сезон, 20.11.2021 16:30",20.11.2021 16:30,Хоффенхайм,2,РБ Лейпциг,0,+13°C,переменная облачность,4.65,4.35,1.79,2.26,1.61,10,10,(335) 14.0,8.8 (212),40%   4,5   50%,10%   1,3   30%,50%   5,2   20%,18,19,16,12,1.80,1.90,1.60,1.20,30%   3,2   20%,40%   4,8   80%,60%   6,7   70%,40%   4,3   30%,11.80,14.89,11.70,8.78,3.80,6.33,4.30,3.11,52.50,52.00,47.50,48.00,4.80,4.56,4.40,4.22,13.10,13.25,9.80,12.88,1.60,2.88,3.00,2.88,2.33,2.13,1.11,2.13,0,0,0.11,0
60,15326265,"Бундеслига, 12-й тур, регулярный сезон, 21.11.2021 16:30",21.11.2021 16:30,Фрайбург,0,Айнтрахт Франкфурт,2,+14°C,переменная облачность,1.97,3.78,3.95,1.96,1.94,10,10,(240) 10.0,13.8 (331),70%   7,5   50%,20%   2,3   30%,10%   1,2   20%,19,14,8,11,1.90,1.40,0.80,1.10,40%   4,1   10%,60%   6,8   80%,70%   7,5   50%,30%   3,5   50%,13.00,10.40,12.80,14.10,5.10,3.70,4.50,5.30,51.78,47.10,48.22,52.90,4.80,5.40,4.70,4.80,13.33,14.40,14.67,12.00,1.75,1.40,1.25,2.30,0.22,2.00,1.78,2.10,0,0,0,0
61,15326266,"Бундеслига, 12-й тур, регулярный сезон, 20.11.2021 16:30",20.11.2021 16:30,Боруссия М,4,Гройтер,0,+13°C,небольшой дождь,1.27,6.5,12.0,2.9,1.39,10,10,(354) 14.8,12.8 (307),50%   5,0,20%   2,1   10%,30%   3,9   90%,17,7,9,24,1.70,0.70,0.90,2.40,20%   2,0,60%   6,7   70%,50%   5,7   70%,50%   5,3   30%,14.90,11.10,10.90,13.10,5.00,3.50,3.90,4.40,57.40,47.20,42.60,52.80,5.50,3.90,3.70,4.60,11.20,14.60,15.40,15.00,2.30,1.90,2.20,1.50,2.11,2.30,2.44,1.60,0,0,0.22,0.20
62,15326267,"Бундеслига, 12-й тур, регулярный сезон, 20.11.2021 19:30",20.11.2021 19:30,Унион Берлин,2,Герта,0,+15°C,переменная облачность,2.02,3.3,4.4,1.6,2.49,10,10,(312) 13.0,13.1 (314),40%   4,5   50%,20%   2,1   10%,40%   4,4   40%,18,13,18,20,1.80,1.30,1.80,2.00,20%   2,1   10%,80%   8,6   60%,80%   8,7   70%,20%   2,3   30%,10.44,9.30,12.00,12.80,4.56,3.80,4.78,5.10,45.33,44.60,54.67,55.40,3.78,4.50,3.22,6.30,11.33,13.10,11.67,12.30,1.11,2.60,1.11,1.90,2.29,1.78,1.29,1.22,0,0.11,0.29,0
63,15326268,"Бундеслига, 12-й тур, регулярный сезон, 20.11.2021 16:30",20.11.2021 16:30,Байер,1,Бохум,0,+20°C,переменная облачность,1.46,4.9,7.4,2.43,1.53,10,10,(311) 13.0,14.0 (335),40%   4,5   50%,30%   3,1   10%,30%   3,4   40%,19,14,13,21,1.90,1.40,1.30,2.10,40%   4,4   40%,50%   5,4   40%,60%   6,6   60%,40%   4,4   40%,11.90,12.70,13.60,12.60,5.50,4.80,5.80,5.70,54.70,46.56,45.30,53.44,5.80,4.20,4.70,4.60,11.50,12.00,9.70,12.56,2.50,2.78,1.70,0.78,2.33,1.11,1.67,2.22,0.11,0,0.22,0
64,15326269,"Бундеслига, 12-й тур, регулярный сезон, 20.11.2021 16:30",20.11.2021 16:30,Боруссия Дортмунд,2,Штутгарт,1,+16°C,переменная облачность,1.36,6.0,9.9,2.54,1.49,10,10,(332) 13.8,9.9 (238),60%   6,2   20%,0,3   30%,40%   4,5   50%,15,9,15,17,1.50,0.90,1.50,1.70,30%   3,2   20%,50%   5,6   60%,70%   7,4   40%,30%   3,6   60%,11.33,9.25,11.22,14.75,4.44,3.63,4.56,5.38,57.00,53.63,43.00,46.38,4.44,3.75,3.89,5.75,10.11,13.63,10.22,12.63,2.33,1.00,2.56,1.13,1.75,2.29,2.38,2.29,0.13,0.14,0,0.14
65,15326270,"Бундеслига, 13-й тур, регулярный сезон, 27.11.2021 16:30",27.11.2021 16:30,Гройтер,3,Хоффенхайм,6,+13°C,переменная облачность,5.45,4.4,1.63,2.36,1.56,10,10,(167) 7.0,7.0 (167),0,5   50%,0,1   10%,100%   10,4   40%,6,18,27,13,0.60,1.80,2.70,1.30,0,4   40%,60%   6,3   30%,80%   8,5   50%,20%   2,5   50%,9.60,13.20,13.80,9.90,3.20,4.10,5.20,3.00,45.70,52.40,54.30,47.60,4.10,4.80,5.30,4.20,14.70,13.60,14.60,10.70,1.40,1.80,1.60,2.90,2.20,2.22,1.60,1.11,0,0,0.10,0.11
66,15326271,"Бундеслига, 13-й тур, регулярный сезон, 27.11.2021 16:30",27.11.2021 16:30,Бохум,2,Фрайбург,1,+15°C,переменная облачность,3.2,3.28,2.46,1.82,2.1,10,10,(167) 7.0,6.0 (143),50%   5,7   70%,10%   1,1   10%,40%   4,2   20%,13,19,19,10,1.30,1.90,1.90,1.00,40%   4,3   30%,30%   3,6   60%,50%   5,7   70%,50%   5,3   30%,12.90,14.20,13.20,13.00,5.00,5.70,5.80,4.70,44.00,52.44,56.00,47.56,4.20,5.40,5.10,4.70,12.44,12.67,11.78,14.44,2.78,1.75,0.78,1.25,1.33,0.11,2.22,2.00,0,0,0,0
67,15326272,"Бундеслига, 13-й тур, регулярный сезон, 27.11.2021 16:30",27.11.2021 16:30,Кёльн,4,Боруссия М,1,+12°C,умеренный дождь,3.05,3.65,2.36,2.1,1.82,10,10,(141) 5.9,7.0 (167),30%   3,6   60%,50%   5,2   20%,20%   2,2   20%,16,20,15,7,1.60,2.00,1.50,0.70,20%   2,3   30%,60%   6,5   50%,50%   5,5   50%,50%   5,5   50%,14.70,14.70,9.00,10.30,5.20,5.40,4.20,3.80,55.56,55.30,44.44,44.70,5.60,5.40,4.50,4.00,11.11,11.60,13.56,15.20,1.56,2.20,2.22,2.30,1.67,2.22,1.56,2.56,0,0,0,0.22
68,15326273,"Бундеслига, 13-й тур, регулярный сезон, 27.11.2021 16:30",27.11.2021 16:30,Герта,1,Аугсбург,1,+15°C,переменная облачность,1.96,3.34,4.65,1.79,2.14,10,10,(164) 6.8,7.8 (186),50%   5,4   40%,10%   1,1   10%,40%   4,5   50%,13,13,17,15,1.30,1.30,1.70,1.50,10%   1,2   20%,60%   6,6   60%,60%   6,6   60%,40%   4,4   40%,9.20,9.89,12.90,14.33,3.70,4.11,5.00,4.67,46.00,38.67,54.00,61.33,4.80,5.00,6.20,5.78,13.90,13.44,13.60,11.00,2.60,2.56,2.30,1.22,1.89,2.38,1.33,1.50,0.11,0,0,0
69,15326274,"Бундеслига, 13-й тур, регулярный сезон, 26.11.2021 21:30",26.11.2021 21:30,Штутгарт,2,Майнц,1,+15°C,переменная облачность,2.67,3.45,2.77,1.95,1.95,10,10,(148) 6.2,5.1 (122),20%   2,3   30%,30%   3,4   40%,50%   5,3   30%,9,14,16,13,0.90,1.40,1.60,1.30,20%   2,1   10%,60%   6,8   80%,40%   4,5   50%,60%   6,5   50%,8.88,12.20,16.38,11.10,3.25,4.90,5.50,4.40,50.75,45.44,49.25,54.56,3.88,4.70,5.25,5.20,14.13,12.67,12.63,11.00,1.00,2.33,1.13,1.00,2.29,2.22,1.86,2.22,0.14,0.22,0,0
70,15326275,"Бундеслига, 13-й тур, регулярный сезон, 28.11.2021 16:30",28.11.2021 16:30,Айнтрахт Франкфурт,2,Унион Берлин,1,+15°C,пасмурно,2.46,3.32,3.16,1.82,2.1,10,10,(65) 2.7,2.8 (67),60%   6,4   40%,20%   2,2   20%,20%   2,4   40%,16,16,11,17,1.60,1.60,1.10,1.70,20%   2,3   30%,70%   7,7   70%,60%   6,6   60%,40%   4,4   40%,12.10,10.11,14.00,12.22,4.40,4.44,5.50,4.89,48.40,43.78,51.60,56.22,5.50,4.11,4.80,3.89,14.60,12.78,10.50,11.22,1.70,1.33,2.10,1.78,1.60,1.67,1.80,1.17,0,0,0,0.17
71,15326276,"Бундеслига, 13-й тур, регулярный сезон, 27.11.2021 16:30",27.11.2021 16:30,Вольфсбург,1,Боруссия Дортмунд,3,+17°C,переменная облачность,2.9,3.56,2.66,2.06,1.93,10,10,(89) 3.7,2.7 (65),40%   4,5   50%,10%   1,0,50%   5,5   50%,13,15,16,18,1.30,1.50,1.60,1.80,20%   2,2   20%,50%   5,6   60%,50%   5,8   80%,50%   5,2   20%,10.78,12.22,10.56,12.22,3.89,4.56,3.89,5.11,49.88,57.00,50.13,43.00,3.00,4.33,6.22,3.56,13.38,10.11,13.13,11.00,0.88,2.11,1.88,2.00,1.89,1.75,2.00,2.75,0.11,0.25,0,0
72,15326277,"Бундеслига, 13-й тур, регулярный сезон, 28.11.2021 18:30",28.11.2021 18:30,РБ Лейпциг,1,Байер,3,+16°C,умеренный дождь,2.02,4.0,3.84,2.64,1.46,10,10,(91) 3.8,2.9 (69),50%   5,4   40%,30%   3,3   30%,20%   2,3   30%,20,18,12,15,2.00,1.80,1.20,1.50,20%   2,3   30%,70%   7,6   60%,60%   6,6   60%,40%   4,4   40%,14.67,11.80,10.78,13.30,6.11,5.20,3.56,5.70,51.33,55.10,48.67,44.90,4.56,6.60,5.89,4.80,13.78,11.30,13.00,9.60,3.22,2.40,2.89,1.70,2.38,2.33,2.38,1.44,0,0.11,0,0.22
73,15326278,"Бундеслига, 13-й тур, регулярный сезон, 27.11.2021 19:30",27.11.2021 19:30,Бавария,1,Арминия Билефельд,0,+16°C,переменная облачность,1.09,13.5,30.0,4.3,1.17,10,10,(94) 3.9,7.1 (170),70%   7,1   10%,0,3   30%,30%   3,6   60%,29,9,16,19,2.90,0.90,1.60,1.90,20%   2,2   20%,70%   7,6   60%,100%   10,6   60%,0,4   40%,18.90,11.60,8.40,14.50,8.00,4.20,3.80,5.50,62.40,42.40,37.60,57.60,6.50,5.30,3.00,5.30,9.40,13.80,10.90,8.00,3.20,1.40,1.60,3.00,1.00,2.00,1.33,1.22,0,0,0,0
74,15326279,"Бундеслига, 14-й тур, регулярный сезон, 04.12.2021 16:30",04.12.2021 16:30,Арминия Билефельд,1,Кёльн,1,+17°C,переменная облачность,3.2,3.44,2.38,2.06,1.85,10,10,(164) 6.8,7.0 (167),10%   1,4   40%,30%   3,4   40%,60%   6,2   20%,8,19,17,15,0.80,1.90,1.70,1.50,20%   2,2   20%,50%   5,6   60%,50%   5,6   60%,50%   5,4   40%,10.80,14.80,15.20,8.80,3.60,5.50,6.00,3.80,41.60,55.11,58.40,44.89,5.30,5.60,6.30,3.90,13.30,11.44,7.80,14.11,1.70,1.78,3.00,2.44,2.00,1.44,1.22,1.78,0,0,0,0
75,15326280,"Бундеслига, 14-й тур, регулярный сезон, 04.12.2021 16:30",04.12.2021 16:30,Аугсбург,2,Бохум,3,+16°C,солнечно,2.27,3.55,3.3,2.05,1.86,10,10,(167) 7.0,7.0 (167),30%   3,6   60%,20%   2,1   10%,50%   5,3   30%,13,15,16,13,1.30,1.50,1.60,1.30,10%   1,4   40%,70%   7,4   40%,60%   6,5   50%,40%   4,5   50%,11.22,13.70,14.44,13.40,4.78,5.40,5.00,5.70,40.44,45.11,59.56,56.67,5.44,4.40,5.67,5.30,13.56,12.78,11.22,12.22,2.44,2.56,1.33,0.78,2.63,1.44,1.50,2.22,0,0,0,0
76,15326281,"Бундеслига, 14-й тур, регулярный сезон, 04.12.2021 16:30",04.12.2021 16:30,Майнц,3,Вольфсбург,0,+16°C,пасмурно,2.25,3.55,3.34,1.87,2.03,10,10,(186) 7.8,7.0 (167),30%   3,3   30%,30%   3,1   10%,40%   4,6   60%,15,10,15,18,1.50,1.00,1.50,1.80,0,2   20%,90%   9,5   50%,60%   6,5   50%,40%   4,5   50%,12.80,11.56,11.00,11.33,4.90,4.22,4.60,4.44,45.67,49.22,54.33,50.78,4.90,3.33,5.30,6.22,12.56,12.89,10.00,12.89,2.00,0.89,0.89,1.89,2.22,2.33,2.33,2.00,0.22,0.11,0,0
77,15326282,"Бундеслига, 14-й тур, регулярный сезон, 04.12.2021 16:30",04.12.2021 16:30,Хоффенхайм,3,Айнтрахт Франкфурт,2,+13°C,переменная облачность,1.97,4.05,3.72,2.32,1.58,10,10,(167) 7.0,6.0 (143),60%   6,6   60%,10%   1,2   20%,30%   3,2   20%,24,17,14,12,2.40,1.70,1.40,1.20,40%   4,1   10%,40%   4,8   80%,60%   6,7   70%,40%   4,3   30%,14.40,13.10,10.20,13.70,5.20,4.50,3.30,5.50,51.00,48.70,49.00,51.30,5.40,5.20,4.10,5.00,13.70,13.80,10.90,9.80,1.70,1.50,3.20,2.10,2.00,1.50,1.11,1.90,0,0,0.11,0
78,15326283,"Бундеслига, 14-й тур, регулярный сезон, 05.12.2021 16:30",05.12.2021 16:30,Штутгарт,2,Герта,2,+15°C,переменная облачность,2.12,3.52,3.72,1.95,1.95,10,10,(210) 8.8,8.0 (191),30%   3,4   40%,20%   2,2   20%,50%   5,4   40%,11,11,17,17,1.10,1.10,1.70,1.70,10%   1,1   10%,70%   7,6   60%,50%   5,5   50%,50%   5,5   50%,8.88,9.70,16.88,13.20,3.25,3.70,5.63,5.20,50.38,47.20,49.63,52.80,4.25,5.10,5.13,6.10,13.50,13.30,12.75,14.10,1.00,2.70,0.88,2.50,1.86,1.78,1.86,1.67,0.14,0.11,0,0
79,15326284,"Бундеслига, 14-й тур, регулярный сезон, 05.12.2021 18:30",05.12.2021 18:30,Боруссия М,0,Фрайбург,6,+13°C,небольшой дождь,1.88,3.92,4.6,2.2,1.82,10,10,(193) 8.0,8.0 (193),50%   5,6   60%,20%   2,1   10%,30%   3,3   30%,18,17,10,12,1.80,1.70,1.00,1.20,30%   3,2   20%,50%   5,7   70%,50%   5,7   70%,50%   5,3   30%,14.60,14.70,10.20,13.60,5.50,6.00,4.10,5.10,54.50,51.78,45.50,48.22,5.50,5.50,4.00,4.80,11.70,12.89,14.90,14.33,2.50,1.63,2.80,1.63,2.44,0.22,2.56,2.11,0,0,0.22,0
80,15326285,"Бундеслига, 14-й тур, регулярный сезон, 03.12.2021 21:30",03.12.2021 21:30,Унион Берлин,2,РБ Лейпциг,1,+15°C,переменная облачность,3.86,3.62,2.04,2.06,1.85,10,10,(124) 5.2,5.1 (122),40%   4,5   50%,20%   2,2   20%,40%   4,3   30%,16,20,16,14,1.60,2.00,1.60,1.40,30%   3,2   20%,70%   7,7   70%,60%   6,7   70%,40%   4,3   30%,9.80,14.78,12.70,10.33,4.40,6.00,4.80,3.78,43.80,52.22,56.20,47.78,3.90,4.78,4.20,5.22,12.20,13.00,10.50,12.89,1.30,3.33,1.70,3.33,2.00,2.00,1.00,2.75,0,0,0.14,0
81,15326286,"Бундеслига, 14-й тур, регулярный сезон, 04.12.2021 16:30",04.12.2021 16:30,Байер,7,Гройтер,1,+20°C,переменная облачность,1.21,7.8,14.25,3.2,1.33,10,10,(141) 5.9,7.0 (167),40%   4,0,30%   3,0,30%   3,10   100%,17,9,16,30,1.70,0.90,1.60,3.00,20%   2,0,70%   7,7   70%,60%   6,8   80%,40%   4,2   20%,11.30,10.00,13.80,14.00,4.90,3.70,5.70,5.50,52.80,46.10,47.20,53.90,6.40,4.10,5.30,5.60,11.50,15.00,9.40,14.20,2.90,1.80,1.70,1.40,2.56,2.10,1.11,1.40,0.11,0,0.22,0.10
82,15326287,"Бундеслига, 14-й тур, регулярный сезон, 04.12.2021 19:30",04.12.2021 19:30,Боруссия Дортмунд,2,Бавария,3,+16°C,переменная облачность,3.78,4.35,1.96,3.4,1.3,10,10,(170) 7.1,7.0 (167),60%   6,8   80%,0,0,40%   4,2   20%,18,29,16,14,1.80,2.90,1.60,1.40,20%   2,3   30%,70%   7,6   60%,80%   8,9   90%,20%   2,1   10%,12.60,19.10,12.50,8.60,4.90,7.80,5.30,3.50,56.90,62.20,43.10,37.80,4.60,6.80,3.90,3.30,10.20,9.60,10.80,11.40,2.10,3.00,1.90,1.90,1.67,0.89,2.89,1.33,0.22,0,0,0
83,15326288,"Бундеслига, 15-й тур, регулярный сезон, 12.12.2021 16:30",12.12.2021 16:30,Гройтер,1,Унион Берлин,0,+13°C,переменная облачность,4.1,3.64,1.98,1.99,1.91,10,10,(191) 8.0,2.7 (65),0,4   40%,0,3   30%,100%   10,3   30%,10,16,35,15,1.00,1.60,3.50,1.50,0,2   20%,80%   8,8   80%,90%   9,6   60%,10%   1,4   40%,9.90,10.30,14.50,11.70,3.70,4.50,6.00,4.10,47.00,44.20,53.00,55.80,4.10,4.50,5.50,4.30,14.10,12.80,14.00,9.30,2.10,1.90,1.70,1.80,2.00,1.67,1.10,1.17,0,0,0.10,0.17
84,15326289,"Бундеслига, 15-й тур, регулярный сезон, 11.12.2021 16:30",11.12.2021 16:30,Бохум,1,Боруссия Дортмунд,1,+15°C,переменная облачность,6.45,4.8,1.51,2.41,1.54,10,10,(167) 7.0,3.7 (89),70%   7,6   60%,0,0,30%   3,4   40%,18,22,15,14,1.80,2.20,1.50,1.40,30%   3,3   30%,50%   5,7   70%,60%   6,8   80%,40%   4,2   20%,13.50,14.40,13.90,11.60,5.60,5.10,5.90,4.70,45.33,56.90,54.67,43.10,4.30,5.10,6.70,4.10,11.67,11.10,12.33,10.50,2.78,2.20,1.11,1.70,1.44,1.56,1.67,2.78,0,0.22,0,0.11
85,15326290,"Бундеслига, 15-й тур, регулярный сезон, 10.12.2021 21:30",10.12.2021 21:30,Кёльн,0,Аугсбург,2,+12°C,умеренный дождь,1.72,4.15,4.95,2.36,1.66,10,10,(148) 6.2,6.2 (148),40%   4,3   30%,40%   4,2   20%,20%   2,5   50%,19,15,15,16,1.90,1.50,1.50,1.60,20%   2,1   10%,60%   6,8   80%,60%   6,6   60%,40%   4,4   40%,14.20,12.22,9.80,13.89,5.60,5.44,4.00,4.78,55.56,41.56,44.44,58.44,5.10,6.56,3.90,5.67,10.56,13.11,14.44,10.67,1.89,2.78,2.22,1.56,1.22,2.50,1.67,1.75,0,0,0,0
86,15326291,"Бундеслига, 15-й тур, регулярный сезон, 11.12.2021 16:30",11.12.2021 16:30,Герта,2,Арминия Билефельд,0,+15°C,переменная облачность,2.03,3.34,4.3,1.77,2.17,10,10,(143) 6.0,7.0 (167),30%   3,1   10%,30%   3,3   30%,40%   4,6   60%,11,9,18,18,1.10,0.90,1.80,1.80,10%   1,1   10%,60%   6,6   60%,50%   5,5   50%,50%   5,5   50%,9.70,11.80,13.20,14.50,4.20,3.90,5.20,5.90,46.00,40.90,54.00,59.10,4.70,5.50,6.40,5.80,13.70,13.20,13.70,8.60,2.70,1.60,3.00,3.10,1.78,1.89,1.44,1.22,0.11,0,0,0
87,15326292,"Бундеслига, 15-й тур, регулярный сезон, 11.12.2021 16:30",11.12.2021 16:30,Фрайбург,1,Хоффенхайм,2,+14°C,переменная облачность,2.3,3.5,3.28,2.12,1.8,10,10,(141) 5.9,7.0 (167),60%   6,7   70%,10%   1,0,30%   3,3   30%,21,27,11,16,2.10,2.70,1.10,1.60,30%   3,3   30%,60%   6,5   50%,70%   7,7   70%,30%   3,3   30%,15.30,13.60,14.30,11.10,6.30,5.20,5.00,3.30,49.78,50.70,50.22,49.30,4.90,5.20,4.70,4.20,12.89,14.40,13.78,10.60,1.38,1.60,1.88,3.10,0.33,2.11,2.00,1.11,0,0,0,0.11
88,15326293,"Бундеслига, 15-й тур, регулярный сезон, 12.12.2021 18:30",12.12.2021 18:30,Айнтрахт Франкфурт,5,Байер,2,+15°C,пасмурно,3.12,3.84,2.25,2.26,1.61,10,10,(69) 2.9,2.8 (67),50%   5,5   50%,30%   3,2   20%,20%   2,3   30%,17,22,13,12,1.70,2.20,1.30,1.20,10%   1,2   20%,80%   8,6   60%,60%   6,6   60%,40%   4,4   40%,14.00,12.10,11.80,11.20,4.40,5.00,4.50,4.40,51.20,54.70,48.80,45.30,5.40,6.30,4.10,5.00,14.10,11.20,8.90,8.90,1.90,2.90,1.40,2.00,1.80,2.44,1.90,1.33,0,0.11,0,0.22
89,15326294,"Бундеслига, 15-й тур, регулярный сезон, 11.12.2021 19:30",11.12.2021 19:30,Вольфсбург,0,Штутгарт,2,+17°C,переменная облачность,2.02,3.7,3.85,1.91,1.99,10,10,(68) 2.8,6.1 (146),30%   3,2   20%,10%   1,3   30%,60%   6,5   50%,10,10,19,18,1.00,1.00,1.90,1.80,20%   2,1   10%,50%   5,7   70%,60%   6,5   50%,40%   4,5   50%,12.00,8.75,12.00,17.25,3.78,2.88,4.67,6.13,50.33,52.38,49.67,47.63,4.00,4.00,5.78,5.25,13.67,12.88,13.22,13.38,1.00,1.50,1.89,0.88,2.56,1.86,1.89,1.86,0.11,0.14,0,0
90,15326295,"Бундеслига, 15-й тур, регулярный сезон, 11.12.2021 16:30",11.12.2021 16:30,РБ Лейпциг,4,Боруссия М,1,+16°C,умеренный дождь,1.9,4.0,4.4,2.18,1.65,10,10,(91) 3.8,5.9 (141),50%   5,5   50%,20%   2,2   20%,30%   3,3   30%,17,18,13,15,1.70,1.80,1.30,1.50,20%   2,3   30%,70%   7,5   50%,70%   7,6   60%,30%   3,4   40%,13.67,15.60,11.11,10.90,5.44,5.70,3.78,4.80,53.44,54.40,46.56,45.60,5.00,5.20,5.78,4.10,12.22,12.00,13.00,15.10,3.11,2.50,3.89,2.70,1.75,2.44,2.88,2.56,0,0,0.13,0.22
91,15326296,"Бундеслига, 15-й тур, регулярный сезон, 11.12.2021 16:30",11.12.2021 16:30,Бавария,2,Майнц,1,+16°C,переменная облачность,1.24,7.9,14.5,3.26,1.32,10,10,(65) 2.7,7.0 (167),80%   8,4   40%,0,3   30%,20%   2,3   30%,26,18,15,14,2.60,1.80,1.50,1.40,30%   3,1   10%,60%   6,9   90%,90%   9,7   70%,10%   1,3   30%,16.80,12.60,8.90,10.90,7.10,4.90,3.40,3.70,61.00,46.67,39.00,53.33,6.60,5.20,3.40,5.20,9.70,13.22,11.50,9.89,2.70,2.00,2.30,0.78,1.00,2.00,1.56,2.00,0,0.22,0,0
92,15326297,"Бундеслига, 16-й тур, регулярный сезон, 14.12.2021 21:30",14.12.2021 21:30,Арминия Билефельд,2,Бохум,0,+17°C,переменная облачность,2.26,3.44,3.42,1.86,2.05,10,10,(76) 3.2,3.2 (76),10%   1,7   70%,30%   3,1   10%,60%   6,2   20%,9,19,19,13,0.90,1.90,1.90,1.30,10%   1,3   30%,60%   6,6   60%,50%   5,5   50%,50%   5,5   50%,12.00,13.30,14.70,14.60,3.80,5.70,6.40,5.70,40.80,45.11,59.20,54.89,5.50,4.00,5.90,8.00,14.20,10.78,8.70,13.22,1.80,2.44,3.20,1.44,2.00,1.33,1.22,1.89,0,0,0,0
93,15326298,"Бундеслига, 16-й тур, регулярный сезон, 15.12.2021 21:30",15.12.2021 21:30,Аугсбург,1,РБ Лейпциг,1,+16°C,солнечно,7.5,5.2,1.43,2.46,1.52,10,10,(119) 5.0,4.2 (100),40%   4,5   50%,20%   2,2   20%,40%   4,3   30%,16,20,14,14,1.60,2.00,1.40,1.40,20%   2,1   10%,70%   7,8   80%,50%   5,8   80%,50%   5,2   20%,12.89,14.11,13.44,12.22,5.44,5.78,4.67,4.22,42.22,51.67,57.78,48.33,6.67,4.78,5.89,5.67,13.00,13.67,11.00,13.00,2.56,2.78,1.67,4.00,2.63,1.89,1.88,2.78,0,0,0,0.11
94,15326299,"Бундеслига, 16-й тур, регулярный сезон, 14.12.2021 21:30",14.12.2021 21:30,Майнц,4,Герта,0,+16°C,пасмурно,1.97,3.44,4.4,1.8,2.12,10,10,(76) 3.2,3.2 (76),40%   4,4   40%,30%   3,3   30%,30%   3,3   30%,18,13,14,12,1.80,1.30,1.40,1.20,10%   1,2   20%,90%   9,6   60%,70%   7,4   40%,30%   3,6   60%,12.50,11.10,11.60,12.10,4.90,4.90,4.20,4.30,44.89,47.40,55.11,52.60,5.20,5.20,5.40,6.60,12.67,12.80,10.22,14.40,2.33,2.80,0.89,3.00,2.22,1.56,1.89,1.44,0.11,0.11,0,0
95,15326300,"Бундеслига, 16-й тур, регулярный сезон, 14.12.2021 19:30",14.12.2021 19:30,Штутгарт,0,Бавария,5,+15°C,переменная облачность,10.5,6.65,1.32,2.9,1.39,10,10,(71) 3.0,3.1 (74),30%   3,8   80%,30%   3,0,40%   4,2   20%,11,24,14,16,1.10,2.40,1.40,1.60,20%   2,2   20%,60%   6,7   70%,40%   4,9   90%,60%   6,1   10%,9.11,17.40,17.44,8.90,2.89,7.10,5.78,3.60,51.89,61.70,48.11,38.30,3.89,6.90,5.22,3.40,12.44,10.20,13.78,10.70,1.33,2.50,0.78,2.30,1.88,1.33,1.88,1.44,0.13,0,0,0
96,15326301,"Бундеслига, 16-й тур, регулярный сезон, 15.12.2021 19:30",15.12.2021 19:30,Боруссия М,2,Айнтрахт Франкфурт,3,+13°C,небольшой дождь,2.16,3.84,3.32,2.39,1.55,10,10,(98) 4.1,3.0 (72),40%   4,5   50%,20%   2,3   30%,40%   4,2   20%,18,19,19,14,1.80,1.90,1.90,1.40,20%   2,1   10%,60%   6,8   80%,70%   7,6   60%,30%   3,4   40%,15.50,13.60,11.90,12.40,5.70,4.50,5.70,4.70,53.70,51.10,46.30,48.90,4.70,5.40,4.60,4.30,11.80,13.40,15.60,9.00,2.60,1.90,2.70,1.30,2.22,1.60,2.56,1.80,0,0,0.11,0
97,15326302,"Бундеслига, 16-й тур, регулярный сезон, 15.12.2021 21:30",15.12.2021 21:30,Унион Берлин,0,Фрайбург,0,+15°C,переменная облачность,2.61,3.22,3.02,1.69,2.3,10,10,(76) 3.2,4.2 (100),40%   4,5   50%,20%   2,1   10%,40%   4,4   40%,15,19,15,13,1.50,1.90,1.50,1.30,20%   2,2   20%,70%   7,7   70%,60%   6,7   70%,40%   4,3   30%,10.60,15.20,11.40,14.50,4.60,6.10,4.20,5.40,45.70,48.33,54.30,51.67,5.00,5.00,4.50,5.00,12.10,13.44,8.90,13.33,2.00,1.67,1.80,1.67,1.50,0.67,1.33,2.22,0,0,0,0
98,15326303,"Бундеслига, 16-й тур, регулярный сезон, 15.12.2021 21:30",15.12.2021 21:30,Байер,2,Хоффенхайм,2,+20°C,переменная облачность,2.08,3.98,3.68,2.41,1.54,10,10,(74) 3.1,4.2 (100),50%   5,7   70%,10%   1,0,40%   4,3   30%,22,26,15,16,2.20,2.60,1.50,1.60,20%   2,3   30%,60%   6,5   50%,60%   6,7   70%,40%   4,3   30%,12.40,13.90,11.00,11.10,4.90,5.70,4.60,3.60,55.60,51.10,44.40,48.90,6.10,5.40,5.10,4.60,10.80,14.00,9.00,11.00,2.50,1.60,2.00,3.30,2.44,2.22,1.22,1.33,0.11,0,0.22,0.11
99,15326304,"Бундеслига, 16-й тур, регулярный сезон, 14.12.2021 21:30",14.12.2021 21:30,Вольфсбург,2,Кёльн,3,+17°C,переменная облачность,2.19,3.76,3.3,2.25,1.72,10,10,(73) 3.0,4.0 (95),30%   3,3   30%,10%   1,4   40%,60%   6,3   30%,10,16,19,16,1.00,1.60,1.90,1.60,20%   2,2   20%,50%   5,5   50%,60%   6,5   50%,40%   4,5   50%,12.22,13.60,12.11,10.40,3.67,5.10,4.56,4.10,50.11,55.33,49.89,44.67,3.78,5.20,6.00,4.20,13.67,10.11,12.56,14.11,1.00,2.00,1.78,2.22,2.44,1.33,2.11,2.00,0.11,0,0,0
100,15326305,"Бундеслига, 16-й тур, регулярный сезон, 15.12.2021 21:30",15.12.2021 21:30,Боруссия Дортмунд,3,Гройтер,0,+16°C,переменная облачность,1.13,10.75,23.0,3.7,1.26,10,10,(100) 4.2,3.2 (76),50%   5,1   10%,10%   1,0,40%   4,9   90%,20,10,14,33,2.00,1.00,1.40,3.30,30%   3,1   10%,70%   7,7   70%,70%   7,8   80%,30%   3,2   20%,15.30,9.40,10.70,14.40,5.20,3.70,4.40,6.10,56.50,46.60,43.50,53.40,6.40,4.00,3.40,5.30,12.00,14.00,10.00,13.40,2.30,2.30,1.80,1.70,1.89,2.10,2.67,1.00,0.22,0,0.11,0.10
101,15326306,"Бундеслига, 17-й тур, регулярный сезон, 18.12.2021 16:30",18.12.2021 16:30,Гройтер,0,Аугсбург,0,+13°C,переменная облачность,3.46,3.6,2.18,1.92,1.98,10,10,(66) 2.8,2.8 (66),10%   1,3   30%,0,3   30%,90%   9,4   40%,9,16,33,15,0.90,1.60,3.30,1.50,10%   1,1   10%,60%   6,8   80%,80%   8,5   50%,20%   2,5   50%,9.10,12.40,14.40,13.40,3.30,5.00,6.20,4.60,49.20,44.50,50.80,55.50,4.20,6.60,5.50,6.10,13.10,13.20,13.10,10.70,2.30,2.60,1.80,1.80,1.90,2.56,1.10,1.67,0,0,0,0
102,15326307,"Бундеслига, 17-й тур, регулярный сезон, 18.12.2021 16:30",18.12.2021 16:30,Бохум,0,Унион Берлин,1,+15°C,переменная облачность,3.64,3.48,2.16,1.84,2.07,10,10,(90) 3.8,2.8 (66),60%   6,3   30%,10%   1,3   30%,30%   3,4   40%,14,12,11,14,1.40,1.20,1.10,1.40,30%   3,3   30%,50%   5,6   60%,40%   4,5   50%,60%   6,5   50%,12.20,11.30,14.90,11.20,4.80,4.30,5.50,4.10,45.40,47.50,54.60,52.50,3.60,5.00,8.20,4.50,10.60,11.70,13.20,9.20,2.20,2.00,1.40,1.70,1.56,1.43,2.11,1.29,0,0,0,0
103,15326308,"Бундеслига, 17-й тур, регулярный сезон, 19.12.2021 18:30",19.12.2021 18:30,Кёльн,1,Штутгарт,0,+12°C,умеренный дождь,1.87,3.98,4.2,2.4,1.64,10,10,(116) 4.8,4.9 (118),40%   4,3   30%,40%   4,2   20%,20%   2,5   50%,19,10,13,18,1.90,1.00,1.30,1.80,20%   2,2   20%,60%   6,5   50%,50%   5,5   50%,50%   5,5   50%,14.50,10.00,11.00,16.33,5.70,2.78,3.80,5.89,56.44,52.11,43.56,48.78,5.40,3.89,4.80,4.00,10.33,10.89,14.67,13.22,1.56,1.78,2.78,0.67,1.44,1.63,2.22,1.63,0,0.13,0,0
104,15326309,"Бундеслига, 17-й тур, регулярный сезон, 18.12.2021 19:30",18.12.2021 19:30,Герта,3,Боруссия Дортмунд,2,+15°C,переменная облачность,5.35,4.6,1.61,2.41,1.54,10,10,(93) 3.9,2.9 (69),40%   4,5   50%,30%   3,1   10%,30%   3,4   40%,12,21,14,14,1.20,2.10,1.40,1.40,20%   2,3   30%,50%   5,7   70%,40%   4,8   80%,60%   6,2   20%,10.60,15.10,13.30,11.30,4.60,5.20,4.90,4.50,46.60,51.80,53.40,48.20,4.90,6.50,6.10,4.00,12.50,11.90,13.90,10.20,3.00,2.50,2.50,2.30,1.44,1.90,1.44,2.60,0.11,0.20,0,0.10
105,15326310,"Бундеслига, 17-й тур, регулярный сезон, 18.12.2021 16:30",18.12.2021 16:30,Хоффенхайм,1,Боруссия М,1,+16°C,переменная облачность,2.0,4.0,3.64,2.64,1.46,10,10,(66) 2.8,2.8 (68),70%   7,3   30%,10%   1,2   20%,20%   2,5   50%,27,17,15,21,2.70,1.70,1.50,2.10,30%   3,2   20%,50%   5,6   60%,70%   7,7   70%,30%   3,3   30%,14.40,15.70,11.70,12.00,5.90,5.40,3.90,5.70,52.20,54.30,47.80,45.70,5.30,4.80,4.30,4.30,13.50,11.60,11.00,15.80,1.80,2.50,3.80,2.60,2.44,2.11,1.89,2.44,0,0,0.22,0.11
106,15326311,"Бундеслига, 17-й тур, регулярный сезон, 19.12.2021 16:30",19.12.2021 16:30,Фрайбург,2,Байер,1,+14°C,переменная облачность,2.65,3.76,2.79,2.13,1.87,10,10,(90) 3.8,3.8 (90),50%   5,5   50%,10%   1,2   20%,40%   4,3   30%,18,23,12,15,1.80,2.30,1.20,1.50,30%   3,2   20%,60%   6,6   60%,70%   7,6   60%,30%   3,4   40%,14.60,12.90,15.00,12.20,6.20,5.60,5.50,4.80,45.56,52.60,54.44,47.40,4.50,5.80,4.90,4.90,13.78,11.60,12.56,9.30,1.78,3.10,1.78,2.20,0.78,2.70,1.89,1.40,0,0.20,0,0.20
107,15326312,"Бундеслига, 17-й тур, регулярный сезон, 18.12.2021 16:30",18.12.2021 16:30,Айнтрахт Франкфурт,1,Майнц,0,+15°C,пасмурно,2.55,3.44,2.93,1.93,1.97,10,10,(68) 2.8,3.8 (90),60%   6,5   50%,30%   3,2   20%,10%   1,3   30%,22,21,14,13,2.20,2.10,1.40,1.30,10%   1,2   20%,90%   9,8   80%,70%   7,8   80%,30%   3,2   20%,13.40,14.60,12.40,12.30,4.40,6.00,4.80,4.30,50.20,46.80,49.80,53.20,4.80,5.10,4.60,5.00,14.20,12.40,8.90,10.60,2.00,2.10,1.30,1.00,1.90,2.11,2.00,2.11,0.10,0,0,0
108,15326313,"Бундеслига, 17-й тур, регулярный сезон, 18.12.2021 16:30",18.12.2021 16:30,РБ Лейпциг,0,Арминия Билефельд,2,+16°C,умеренный дождь,1.21,7.5,15.25,2.67,1.45,10,10,(66) 2.8,3.8 (90),50%   5,2   20%,20%   2,3   30%,30%   3,5   50%,20,11,14,15,2.00,1.10,1.40,1.50,10%   1,2   20%,80%   8,6   60%,80%   8,4   40%,20%   2,6   60%,13.89,12.40,11.78,13.60,5.44,3.90,4.00,6.00,49.89,42.70,50.11,57.30,5.11,5.90,5.78,5.70,13.56,14.30,13.44,8.90,2.78,1.70,4.00,3.20,1.78,1.78,2.89,1.33,0,0,0.11,0
109,15326314,"Бундеслига, 17-й тур, регулярный сезон, 17.12.2021 21:30",17.12.2021 21:30,Бавария,4,Вольфсбург,0,+16°C,переменная облачность,1.18,10.0,19.75,3.5,1.28,10,10,(73) 3.0,3.0 (71),90%   9,2   20%,0,1   10%,10%   1,7   70%,29,10,11,22,2.90,1.00,1.10,2.20,30%   3,1   10%,70%   7,6   60%,90%   9,7   70%,10%   1,3   30%,18.90,12.89,9.30,12.89,7.70,3.33,3.10,5.11,61.40,50.33,38.60,49.67,6.30,4.56,3.30,5.44,9.60,14.00,10.50,12.33,2.10,1.56,2.50,1.67,1.30,2.56,1.40,2.00,0,0,0,0
110,15326315,"Бундеслига, 18-й тур, регулярный сезон, 08.01.2022 16:30",08.01.2022 16:30,Гройтер,0,Штутгарт,0,+13°C,переменная облачность,3.6,3.42,2.2,1.91,1.99,10,10,(503) 21.0,19.9 (477),10%   1,3   30%,10%   1,1   10%,80%   8,6   60%,8,9,30,18,0.80,0.90,3.00,1.80,20%   2,2   20%,50%   5,4   40%,70%   7,5   50%,30%   3,5   50%,8.90,9.78,13.80,16.44,3.10,2.78,5.80,6.11,50.30,51.11,49.70,48.89,4.70,3.89,5.20,4.56,12.10,10.56,12.80,13.44,2.20,1.89,1.80,0.89,2.00,1.50,1.30,1.88,0,0,0,0
111,15326316,"Бундеслига, 18-й тур, регулярный сезон, 09.01.2022 18:30",09.01.2022 18:30,Бохум,1,Вольфсбург,0,+15°C,переменная облачность,3.28,3.4,2.35,1.83,2.08,10,10,(529) 22.0,5.2 (125),50%   5,1   10%,10%   1,1   10%,40%   4,8   80%,13,12,12,29,1.30,1.20,1.20,2.90,20%   2,0,50%   5,6   60%,40%   4,8   80%,60%   6,2   20%,12.60,11.67,14.60,13.56,4.90,2.78,5.50,5.22,46.60,48.67,53.40,51.33,3.40,4.78,8.30,4.67,10.30,11.33,12.50,10.78,2.10,1.33,1.50,1.00,1.33,2.00,1.89,1.56,0,0,0,0
112,15326317,"Бундеслига, 18-й тур, регулярный сезон, 09.01.2022 16:30",09.01.2022 16:30,Герта,1,Кёльн,3,+15°C,переменная облачность,2.71,3.5,2.7,2.15,1.78,10,10,(524) 21.8,20.9 (501),40%   4,5   50%,30%   3,3   30%,30%   3,2   20%,13,18,15,11,1.30,1.80,1.50,1.10,20%   2,3   30%,50%   5,5   50%,40%   4,4   40%,60%   6,6   60%,10.80,13.60,12.90,10.80,4.50,5.40,4.70,3.50,46.50,55.89,53.50,44.11,4.60,5.00,5.90,4.30,11.30,11.11,14.10,14.44,2.60,1.44,2.80,2.67,1.22,1.67,1.44,2.00,0.11,0,0,0
113,15326318,"Бундеслига, 18-й тур, регулярный сезон, 08.01.2022 16:30",08.01.2022 16:30,Хоффенхайм,3,Аугсбург,1,+16°C,переменная облачность,1.53,4.75,6.2,2.3,1.59,10,10,(503) 21.0,21.0 (503),60%   6,3   30%,20%   2,3   30%,20%   2,4   40%,23,15,16,14,2.30,1.50,1.60,1.40,20%   2,2   20%,60%   6,7   70%,60%   6,5   50%,40%   4,5   50%,15.20,12.40,11.80,12.80,5.90,4.90,4.40,4.40,53.20,44.70,46.80,55.30,6.50,6.20,4.30,6.20,12.80,13.70,11.20,10.00,2.20,1.90,3.50,1.80,2.56,2.56,2.00,1.78,0,0,0.22,0
114,15326319,"Бундеслига, 18-й тур, регулярный сезон, 08.01.2022 16:30",08.01.2022 16:30,Фрайбург,2,Арминия Билефельд,2,+14°C,переменная облачность,1.78,3.75,5.1,1.85,2.06,10,10,(479) 20.0,21.0 (503),50%   5,3   30%,10%   1,2   20%,40%   4,5   50%,18,12,13,14,1.80,1.20,1.30,1.40,20%   2,3   30%,70%   7,5   50%,80%   8,4   40%,20%   2,6   60%,14.90,11.80,13.90,13.70,6.40,4.00,5.50,5.80,45.67,40.70,54.33,59.30,4.80,5.50,5.00,5.80,12.78,14.40,11.56,8.70,1.67,1.80,1.78,2.40,1.00,1.89,1.89,1.00,0,0.11,0,0
115,15326320,"Бундеслига, 18-й тур, регулярный сезон, 08.01.2022 16:30",08.01.2022 16:30,Байер,2,Унион Берлин,2,+20°C,переменная облачность,1.83,3.92,4.5,2.21,1.74,10,10,(479) 20.0,21.0 (503),50%   5,4   40%,20%   2,3   30%,30%   3,3   30%,24,11,15,9,2.40,1.10,1.50,0.90,20%   2,4   40%,70%   7,5   50%,70%   7,4   40%,30%   3,6   60%,12.30,11.30,12.30,11.10,5.90,4.00,4.60,3.80,51.80,47.90,48.20,52.10,5.60,4.90,5.10,4.50,11.30,11.70,8.40,9.80,2.90,1.90,2.00,1.50,2.70,1.29,1.40,1.43,0.20,0,0.10,0
116,15326321,"Бундеслига, 18-й тур, регулярный сезон, 08.01.2022 19:30",08.01.2022 19:30,Айнтрахт Франкфурт,2,Боруссия Дортмунд,3,+15°C,пасмурно,4.45,4.3,1.83,2.57,1.48,10,10,(506) 21.1,21.0 (503),70%   7,4   40%,20%   2,1   10%,10%   1,5   50%,22,21,13,17,2.20,2.10,1.30,1.70,20%   2,2   20%,80%   8,8   80%,70%   7,9   90%,30%   3,1   10%,13.50,15.30,12.00,10.70,4.50,5.10,4.60,4.40,50.80,53.00,49.20,47.00,5.10,6.60,4.70,3.80,14.20,12.80,8.90,9.50,1.80,2.60,1.40,2.40,1.80,1.80,2.00,2.30,0.10,0.20,0,0.10
117,15326322,"Бундеслига, 18-й тур, регулярный сезон, 08.01.2022 16:30",08.01.2022 16:30,РБ Лейпциг,4,Майнц,1,+16°C,умеренный дождь,1.78,4.05,4.65,2.1,1.82,10,10,(503) 21.0,21.0 (503),50%   5,5   50%,10%   1,2   20%,40%   4,3   30%,18,20,14,11,1.80,2.00,1.40,1.10,10%   1,2   20%,70%   7,7   70%,70%   7,7   70%,30%   3,3   30%,13.67,15.20,11.44,12.50,5.33,6.30,3.89,4.20,52.22,48.00,47.78,52.00,5.78,5.50,5.44,5.20,12.33,12.10,13.67,11.00,2.22,2.30,4.00,0.90,1.44,1.78,2.44,1.89,0,0,0.22,0
118,15326323,"Бундеслига, 18-й тур, регулярный сезон, 07.01.2022 21:30",07.01.2022 21:30,Бавария,1,Боруссия М,2,+16°C,переменная облачность,1.33,6.55,10.0,3.46,1.29,10,10,(503) 21.0,20.2 (484),90%   9,3   30%,0,2   20%,10%   1,5   50%,28,17,9,21,2.80,1.70,0.90,2.10,40%   4,2   20%,60%   6,6   60%,90%   9,7   70%,10%   1,3   30%,19.18,14.22,9.09,14.00,7.82,5.00,3.00,6.33,61.27,53.67,38.73,46.33,6.91,4.44,2.91,5.33,10.18,11.33,9.91,14.44,2.00,2.67,2.45,3.00,1.20,2.00,1.30,2.33,0,0,0,0.11
119,15326324,"Бундеслига, 19-й тур, регулярный сезон, 15.01.2022 16:30",15.01.2022 16:30,Кёльн,0,Бавария,4,+12°C,умеренный дождь,7.0,6.05,1.44,3.62,1.27,10,10,(143) 6.0,7.8 (186),50%   5,8   80%,30%   3,0,20%   2,2   20%,19,24,12,9,1.90,2.40,1.20,0.90,20%   2,4   40%,60%   6,6   60%,50%   5,9   90%,50%   5,1   10%,14.00,19.60,11.20,9.30,5.60,7.60,3.70,2.80,56.22,61.70,43.78,38.30,4.70,6.40,5.10,3.50,11.78,10.20,14.11,10.60,2.11,2.00,2.67,2.10,1.60,1.00,2.10,1.30,0,0,0,0
120,15326325,"Бундеслига, 19-й тур, регулярный сезон, 16.01.2022 18:30",16.01.2022 18:30,Арминия Билефельд,2,Гройтер,2,+17°C,переменная облачность,1.96,3.48,4.4,1.81,2.11,10,10,(193) 8.0,8.0 (193),30%   3,1   10%,30%   3,2   20%,40%   4,7   70%,13,8,13,29,1.30,0.80,1.30,2.90,30%   3,3   30%,50%   5,5   50%,40%   4,7   70%,60%   6,3   30%,12.00,8.70,14.10,14.70,3.90,3.10,5.70,5.90,42.30,49.00,57.70,51.00,6.00,4.40,6.30,5.40,13.60,11.30,8.40,12.40,1.70,2.20,2.60,1.60,1.89,1.80,1.22,1.00,0.11,0,0,0
121,15326326,"Бундеслига, 19-й тур, регулярный сезон, 16.01.2022 16:30",16.01.2022 16:30,Аугсбург,1,Айнтрахт Франкфурт,1,+16°C,солнечно,2.79,3.52,2.62,1.96,1.94,10,10,(191) 8.0,7.8 (188),30%   3,6   60%,30%   3,2   20%,40%   4,2   20%,15,22,13,15,1.50,2.20,1.30,1.50,20%   2,2   20%,70%   7,8   80%,50%   5,7   70%,50%   5,3   30%,12.70,14.20,12.10,12.90,5.10,4.70,4.10,4.90,44.20,50.10,55.80,49.90,6.40,5.20,5.80,5.40,13.40,13.40,10.80,8.30,2.00,2.00,2.00,1.60,2.22,1.80,1.78,2.20,0,0.10,0,0
122,15326327,"Бундеслига, 19-й тур, регулярный сезон, 15.01.2022 16:30",15.01.2022 16:30,Майнц,1,Бохум,0,+16°C,пасмурно,1.68,3.92,5.75,1.88,2.02,10,10,(167) 7.0,5.9 (141),40%   4,5   50%,20%   2,1   10%,40%   4,4   40%,17,12,14,12,1.70,1.20,1.40,1.20,20%   2,2   20%,70%   7,5   50%,70%   7,4   40%,30%   3,6   60%,13.50,11.90,13.50,14.40,5.60,4.50,4.80,5.30,46.40,47.40,53.60,52.60,5.00,3.40,5.60,7.80,12.20,10.90,10.50,13.20,2.60,2.00,1.30,1.70,1.89,1.44,1.56,1.89,0.11,0,0,0
123,15326328,"Бундеслига, 19-й тур, регулярный сезон, 15.01.2022 16:30",15.01.2022 16:30,Штутгарт,0,РБ Лейпциг,2,+15°C,переменная облачность,6.3,4.15,1.6,2.12,1.8,10,10,(167) 7.0,7.0 (167),30%   3,5   50%,20%   2,1   10%,50%   5,4   40%,9,20,16,14,0.90,2.00,1.60,1.40,30%   3,1   10%,40%   4,7   70%,50%   5,7   70%,50%   5,3   30%,11.11,13.89,16.44,10.78,2.78,5.44,5.78,3.67,51.44,53.56,48.56,46.44,4.22,5.89,3.89,4.89,10.56,11.67,13.22,12.78,1.89,2.33,0.78,4.00,1.44,1.11,1.67,2.11,0,0,0,0.33
124,15326329,"Бундеслига, 19-й тур, регулярный сезон, 15.01.2022 19:30",15.01.2022 19:30,Боруссия М,1,Байер,2,+13°C,небольшой дождь,3.32,4.0,2.21,2.49,1.51,10,10,(174) 7.3,7.1 (170),30%   3,4   40%,20%   2,3   30%,50%   5,3   30%,16,22,24,17,1.60,2.20,2.40,1.70,10%   1,1   10%,80%   8,8   80%,80%   8,7   70%,20%   2,3   30%,14.22,12.30,15.11,13.10,5.22,5.70,6.89,4.80,51.78,52.60,48.22,47.40,4.44,6.50,5.78,4.80,10.22,10.60,15.11,9.20,2.44,2.60,3.22,2.00,1.89,2.60,2.11,1.60,0,0.10,0.11,0
125,15326330,"Бундеслига, 19-й тур, регулярный сезон, 15.01.2022 16:30",15.01.2022 16:30,Унион Берлин,2,Хоффенхайм,1,+15°C,переменная облачность,3.06,3.32,2.52,2.01,1.89,10,10,(167) 7.0,7.0 (167),40%   4,7   70%,40%   4,2   20%,20%   2,1   10%,12,26,9,13,1.20,2.60,0.90,1.30,40%   4,2   20%,50%   5,7   70%,40%   4,6   60%,60%   6,4   40%,11.40,15.50,11.60,11.20,4.00,6.20,3.90,4.10,47.70,54.70,52.30,45.30,4.70,6.50,5.00,4.30,11.60,12.70,9.80,11.60,1.80,2.10,1.60,3.40,1.38,2.22,1.38,2.00,0,0,0,0.22
126,15326331,"Бундеслига, 19-й тур, регулярный сезон, 15.01.2022 16:30",15.01.2022 16:30,Вольфсбург,0,Герта,0,+17°C,переменная облачность,1.98,3.46,4.33,1.74,2.21,10,10,(141) 5.9,6.0 (143),10%   1,3   30%,10%   1,3   30%,80%   8,4   40%,11,13,27,18,1.10,1.30,2.70,1.80,0,1   10%,50%   5,6   60%,70%   7,5   50%,30%   3,5   50%,11.70,10.90,13.40,13.40,2.90,4.70,5.00,5.40,48.50,47.40,51.50,52.60,4.50,5.40,4.60,5.70,12.00,11.00,11.20,13.60,1.40,2.30,1.00,3.20,2.00,1.33,1.50,1.33,0,0.11,0,0
127,15326332,"Бундеслига, 19-й тур, регулярный сезон, 14.01.2022 21:30",14.01.2022 21:30,Боруссия Дортмунд,5,Фрайбург,1,+16°C,переменная облачность,1.48,5.15,6.45,2.86,1.4,10,10,(145) 6.0,6.2 (148),50%   5,4   40%,10%   1,2   20%,40%   4,4   40%,23,18,16,13,2.30,1.80,1.60,1.30,20%   2,2   20%,80%   8,7   70%,90%   9,8   80%,10%   1,2   20%,16.00,15.80,10.50,14.10,5.50,6.30,4.40,5.50,55.40,45.22,44.60,54.78,7.30,5.10,3.60,5.50,12.60,11.00,10.30,10.00,2.60,1.78,1.90,1.67,1.90,1.10,2.50,1.80,0.10,0,0.10,0
128,15326333,"Бундеслига, 20-й тур, регулярный сезон, 22.01.2022 16:30",22.01.2022 16:30,Гройтер,2,Майнц,1,+13°C,переменная облачность,4.7,3.54,1.89,1.79,2.14,10,10,(141) 5.9,3.7 (89),10%   1,3   30%,30%   3,2   20%,60%   6,5   50%,9,14,27,14,0.90,1.40,2.70,1.40,30%   3,3   30%,50%   5,6   60%,70%   7,6   60%,30%   3,4   40%,8.50,13.00,14.70,13.40,3.00,4.90,5.90,4.50,49.90,45.70,50.10,54.30,4.50,4.80,5.40,4.80,10.70,13.80,12.50,9.90,2.20,1.90,1.30,1.50,1.90,2.10,1.20,1.50,0,0.10,0,0
129,15326334,"Бундеслига, 20-й тур, регулярный сезон, 22.01.2022 19:30",22.01.2022 19:30,Бохум,2,Кёльн,2,+15°C,переменная облачность,3.4,3.34,2.32,2.1,1.82,10,10,(92) 3.8,3.9 (94),50%   5,5   50%,10%   1,2   20%,40%   4,3   30%,12,18,10,13,1.20,1.80,1.00,1.30,20%   2,2   20%,40%   4,6   60%,30%   3,5   50%,70%   7,5   50%,12.10,13.50,14.20,12.90,4.60,5.60,5.10,4.20,47.60,54.56,52.40,45.44,3.40,5.30,6.80,6.90,11.00,12.56,14.10,14.11,1.90,3.33,1.50,2.78,1.50,1.50,2.30,1.90,0,0,0,0
130,15326335,"Бундеслига, 20-й тур, регулярный сезон, 23.01.2022 18:30",23.01.2022 18:30,Герта,1,Бавария,4,+15°C,переменная облачность,14.0,7.9,1.21,3.32,1.31,10,10,(91) 3.8,8.0 (193),20%   2,8   80%,40%   4,0,40%   4,2   20%,12,26,18,8,1.20,2.60,1.80,0.80,20%   2,5   50%,60%   6,5   50%,50%   5,9   90%,50%   5,1   10%,11.90,18.80,12.60,8.90,4.30,7.40,5.00,2.70,49.00,60.10,51.00,39.90,4.90,7.00,5.00,3.60,11.30,10.70,14.20,9.90,2.50,1.80,4.20,2.70,1.30,1.00,1.20,1.40,0,0,0,0
131,15326336,"Бундеслига, 20-й тур, регулярный сезон, 22.01.2022 16:30",22.01.2022 16:30,Хоффенхайм,2,Боруссия Дортмунд,3,+16°C,переменная облачность,3.68,4.33,2.0,2.9,1.39,10,10,(65) 2.7,3.7 (89),50%   5,5   50%,20%   2,1   10%,30%   3,4   40%,21,26,18,16,2.10,2.60,1.80,1.60,10%   1,2   20%,80%   8,8   80%,70%   7,9   90%,30%   3,1   10%,14.70,16.50,11.70,9.00,5.70,6.10,4.60,3.90,55.90,57.50,44.10,42.50,7.00,8.00,3.50,3.40,12.60,11.50,11.80,9.50,1.80,2.50,3.70,1.70,2.30,1.60,1.80,2.00,0,0.10,0.10,0.10
132,15326337,"Бундеслига, 20-й тур, регулярный сезон, 22.01.2022 16:30",22.01.2022 16:30,Фрайбург,2,Штутгарт,0,+14°C,переменная облачность,1.88,3.6,4.65,1.84,2.07,10,10,(65) 2.7,7.0 (167),40%   4,3   30%,20%   2,2   20%,40%   4,5   50%,19,8,16,14,1.90,0.80,1.60,1.40,20%   2,3   30%,70%   7,3   30%,80%   8,4   40%,20%   2,6   60%,14.60,11.56,13.70,15.00,6.40,3.56,4.90,4.78,43.56,50.11,56.44,49.89,4.60,4.22,6.60,3.22,10.44,10.56,10.44,13.00,2.22,2.00,1.44,0.67,1.20,1.33,2.00,1.44,0,0,0,0
133,15326338,"Бундеслига, 20-й тур, регулярный сезон, 22.01.2022 16:30",22.01.2022 16:30,Боруссия М,1,Унион Берлин,2,+13°C,небольшой дождь,2.06,3.44,4.05,1.99,1.91,10,10,(68) 2.8,2.7 (65),20%   2,5   50%,10%   1,3   30%,70%   7,2   20%,14,13,27,10,1.40,1.30,2.70,1.00,10%   1,3   30%,70%   7,6   60%,90%   9,5   50%,10%   1,5   50%,14.78,10.60,16.67,12.40,5.44,4.00,7.67,3.90,51.44,47.40,48.56,52.60,4.78,4.20,6.00,5.50,10.56,10.80,14.89,9.80,2.44,2.30,3.22,1.50,1.89,1.13,2.00,1.50,0,0,0.11,0
134,15326339,"Бундеслига, 20-й тур, регулярный сезон, 22.01.2022 16:30",22.01.2022 16:30,Байер,5,Аугсбург,1,+20°C,переменная облачность,1.44,4.95,7.8,2.64,1.46,10,10,(164) 6.8,6.0 (143),50%   5,3   30%,20%   2,4   40%,30%   3,3   30%,23,14,17,12,2.30,1.40,1.70,1.20,10%   1,2   20%,80%   8,7   70%,80%   8,4   40%,20%   2,6   60%,14.30,12.50,13.30,11.80,6.60,5.10,4.90,3.80,51.80,44.70,48.20,55.30,6.60,5.80,4.80,5.40,11.20,13.10,8.70,11.10,2.30,2.30,1.80,2.20,2.60,2.30,1.70,1.90,0.10,0,0,0
135,15326340,"Бундеслига, 20-й тур, регулярный сезон, 21.01.2022 21:30",21.01.2022 21:30,Айнтрахт Франкфурт,0,Арминия Билефельд,2,+15°C,пасмурно,1.76,4.05,4.75,2.2,1.75,10,10,(124) 5.2,5.1 (122),50%   5,3   30%,30%   3,4   40%,20%   2,3   30%,21,13,15,12,2.10,1.30,1.50,1.20,20%   2,3   30%,80%   8,5   50%,60%   6,4   40%,40%   4,6   60%,14.20,11.70,12.30,13.20,4.70,3.60,5.10,5.10,50.80,42.40,49.20,57.60,5.20,5.30,5.20,6.30,13.10,13.50,8.30,8.40,2.10,1.60,1.90,2.40,2.00,2.10,2.10,1.20,0.10,0.10,0,0
136,15326341,"Бундеслига, 20-й тур, регулярный сезон, 23.01.2022 16:30",23.01.2022 16:30,РБ Лейпциг,2,Вольфсбург,0,+16°C,умеренный дождь,1.58,4.4,7.0,2.06,1.93,10,10,(92) 3.8,8.0 (191),60%   6,1   10%,10%   1,1   10%,30%   3,8   80%,22,9,11,25,2.20,0.90,1.10,2.50,30%   3,1   10%,60%   6,4   40%,60%   6,6   60%,40%   4,4   40%,13.90,11.10,9.50,13.10,5.90,2.70,3.60,4.90,54.80,47.90,45.20,52.10,5.60,4.30,4.60,4.20,10.30,12.30,12.00,10.80,2.00,2.10,3.70,1.40,0.90,2.00,2.20,1.20,0,0,0.30,0
137,15326342,"Бундеслига, 21-й тур, регулярный сезон, 05.02.2022 16:30",05.02.2022 16:30,Кёльн,1,Фрайбург,0,+12°C,умеренный дождь,2.55,3.52,2.88,2.18,1.76,10,10,(216) 9.0,14.0 (335),40%   4,4   40%,30%   3,2   20%,30%   3,4   40%,17,19,16,15,1.70,1.90,1.60,1.50,10%   1,3   30%,70%   7,6   60%,60%   6,7   70%,40%   4,3   30%,13.30,14.40,13.50,13.70,5.10,6.10,4.70,4.70,53.00,44.20,47.00,55.80,5.00,5.00,6.50,6.40,13.11,10.60,13.33,10.10,3.44,2.20,2.78,1.30,1.70,1.30,1.70,2.10,0,0,0,0
138,15326343,"Бундеслига, 21-й тур, регулярный сезон, 05.02.2022 16:30",05.02.2022 16:30,Арминия Билефельд,1,Боруссия М,1,+17°C,переменная облачность,3.68,3.52,2.13,1.95,1.95,10,10,(354) 14.8,14.0 (335),40%   4,1   10%,40%   4,1   10%,20%   2,8   80%,14,11,10,29,1.40,1.10,1.00,2.90,40%   4,0,40%   4,8   80%,30%   3,9   90%,70%   7,1   10%,11.00,14.22,13.30,16.89,3.40,5.00,5.20,7.78,40.70,52.00,59.30,48.00,4.80,4.44,6.70,5.33,12.90,10.56,8.20,15.56,1.90,2.22,2.10,3.22,2.10,1.89,1.30,1.89,0.10,0,0,0.11
139,15326344,"Бундеслига, 21-й тур, регулярный сезон, 04.02.2022 21:30",04.02.2022 21:30,Герта,1,Бохум,1,+15°C,переменная облачность,2.38,3.42,3.2,1.99,1.91,10,10,(290) 12.1,8.2 (196),20%   2,4   40%,30%   3,2   20%,50%   5,4   40%,12,12,21,13,1.20,1.20,2.10,1.30,20%   2,1   10%,60%   6,5   50%,60%   6,4   40%,40%   4,6   60%,11.00,10.80,14.60,13.30,4.00,4.20,6.60,5.20,48.30,49.78,51.70,50.22,4.80,3.20,5.30,6.80,10.90,11.22,13.90,13.67,2.30,2.00,4.30,1.56,1.30,1.20,0.90,1.80,0,0,0,0
140,15326345,"Бундеслига, 21-й тур, регулярный сезон, 05.02.2022 16:30",05.02.2022 16:30,Аугсбург,2,Унион Берлин,0,+16°C,солнечно,2.8,3.46,2.64,1.82,2.1,10,10,(219) 9.1,10.1 (243),20%   2,5   50%,50%   5,4   40%,30%   3,1   10%,14,13,18,9,1.40,1.30,1.80,0.90,20%   2,3   30%,80%   8,6   60%,50%   5,5   50%,50%   5,5   50%,12.10,11.00,12.30,12.00,4.50,4.11,4.70,4.00,45.44,47.56,54.56,52.44,5.20,4.33,6.00,5.44,12.33,11.78,10.33,10.67,2.22,2.56,2.33,1.11,1.90,0.88,1.50,1.63,0,0,0,0
141,15326346,"Бундеслига, 21-й тур, регулярный сезон, 05.02.2022 16:30",05.02.2022 16:30,Майнц,2,Хоффенхайм,0,+16°C,пасмурно,2.81,3.32,2.72,2.12,1.8,10,10,(219) 9.1,14.0 (335),30%   3,5   50%,0,2   20%,70%   7,3   30%,13,23,15,19,1.30,2.30,1.50,1.90,30%   3,1   10%,50%   5,9   90%,70%   7,8   80%,30%   3,2   20%,11.60,15.10,12.60,10.70,4.30,5.80,4.50,4.40,47.22,55.80,52.78,44.20,4.60,7.30,5.20,3.60,13.33,12.00,10.67,11.80,1.67,2.20,1.56,3.50,1.70,2.00,1.20,1.90,0.10,0,0,0.10
142,15326347,"Бундеслига, 21-й тур, регулярный сезон, 05.02.2022 16:30",05.02.2022 16:30,Штутгарт,2,Айнтрахт Франкфурт,3,+15°C,переменная облачность,2.49,3.56,2.92,1.94,1.96,10,10,(195) 8.1,9.1 (219),30%   3,5   50%,20%   2,2   20%,50%   5,3   30%,9,18,16,15,0.90,1.80,1.60,1.50,20%   2,2   20%,40%   4,7   70%,50%   5,5   50%,50%   5,5   50%,11.10,13.20,14.10,10.40,3.50,4.60,4.60,4.60,48.78,52.56,51.22,47.44,4.10,5.50,3.10,4.40,10.11,12.00,13.11,8.44,1.67,1.67,0.56,2.11,1.50,2.00,1.20,2.10,0,0.10,0,0
0,15326163,"Бундеслига, 1-й тур, регулярный сезон, 15.08.2021 18:30",15.08.2021 18:30,Кёльн,3,Герта,1,+12°C,умеренный дождь,2.44,3.42,3.1,1.88,2.02,10,10,(168) 7.0,7.0 (169),70%   7,7   70%,20%   2,3   30%,10%   1,0,20,44,8,13,2.0,4.4,0.8,1.3,30%   3,4   40%,60%   6,6   60%,40%   4,8   80%,60%   6,2   20%,19.33,6.86,6.78,7.71,7.78,4.29,2.44,3.71,46.57,70.67,53.43,29.33,7.67,4.29,2.11,3.14,10.83,9.67,9.67,11.0,1.5,1.5,0.75,1.0,1.22,1.29,1.0,0.86,0.0,0.0,0.0,0.0
1,15326164,"Бундеслига, 1-й тур, регулярный сезон, 14.08.2021 16:30",14.08.2021 16:30,Арминия Билефельд,0,Фрайбург,0,+17°C,переменная облачность,3.1,3.22,2.56,1.68,2.32,10,10,(167) 7.0,5.8 (140),40%   4,3   30%,30%   3,4   40%,30%   3,3   30%,14,13,18,14,1.4,1.3,1.8,1.4,40%   4,2   20%,40%   4,7   70%,40%   4,6   60%,60%   6,4   40%,10.78,11.0,8.44,11.63,5.22,4.88,3.56,4.38,49.25,55.63,50.75,44.38,4.11,4.5,2.78,4.13,8.0,10.71,9.0,9.71,1.29,2.17,1.86,1.67,1.67,1.25,1.89,1.75,0.0,0.0,0.11,0.0
2,15326165,"Бундеслига, 1-й тур, регулярный сезон, 14.08.2021 16:30",14.08.2021 16:30,Аугсбург,0,Хоффенхайм,4,+11°C,пасмурно,3.34,3.72,2.19,2.25,1.62,10,10,(167) 7.0,4.8 (115),30%   3,5   50%,20%   2,4   40%,50%   5,1   10%,19,19,21,13,1.9,1.9,2.1,1.3,10%   1,1   10%,80%   8,8   80%,80%   8,6   60%,20%   2,4   40%,15.3,13.38,12.1,8.38,6.8,5.75,5.9,3.88,43.83,51.14,56.17,48.86,6.9,5.0,3.9,4.5,10.33,10.0,12.83,8.71,2.5,1.83,2.0,3.17,1.3,1.63,1.4,1.0,0.1,0.0,0.1,0.0
3,15326166,"Бундеслига, 1-й тур, регулярный сезон, 15.08.2021 16:30",15.08.2021 16:30,Майнц,1,РБ Лейпциг,0,+16°C,пасмурно,7.1,5.05,1.46,2.25,1.62,10,10,(166) 6.9,8.0 (191),60%   6,4   40%,20%   2,2   20%,20%   2,4   40%,16,17,14,15,1.6,1.7,1.4,1.5,10%   1,3   30%,80%   8,7   70%,60%   6,7   70%,40%   4,3   30%,12.44,14.4,10.22,8.2,4.78,5.6,3.78,2.9,43.29,54.4,56.71,45.6,6.22,6.6,4.44,3.8,13.57,11.3,12.86,11.1,2.0,2.89,1.43,1.56,1.11,1.4,1.89,1.7,0.0,0.0,0.0,0.1
4,15326167,"Бундеслига, 1-й тур, регулярный сезон, 14.08.2021 16:30",14.08.2021 16:30,Штутгарт,5,Гройтер,1,+15°C,переменная облачность,1.86,3.98,4.25,2.07,1.72,10,10,(167) 7.0,6.8 (163),60%   6,3   30%,20%   2,3   30%,20%   2,4   40%,29,19,11,18,2.9,1.9,1.1,1.8,30%   3,0,50%   5,8   80%,60%   6,7   70%,40%   4,3   30%,6.33,9.57,5.22,4.71,2.56,7.0,2.67,3.29,60.0,64.17,40.0,35.83,1.78,6.43,3.44,3.71,9.67,12.5,9.17,12.33,1.6,3.8,1.0,2.0,0.78,1.57,0.67,2.57,0.0,0.14,0.0,0.0
5,15326168,"Бундеслига, 1-й тур, регулярный сезон, 14.08.2021 16:30",14.08.2021 16:30,Унион Берлин,1,Байер,1,+15°C,переменная облачность,2.77,3.24,2.81,1.8,2.12,10,10,(143) 6.0,7.0 (167),70%   7,4   40%,20%   2,3   30%,10%   1,3   30%,20,15,10,13,2.0,1.5,1.0,1.3,30%   3,4   40%,60%   6,5   50%,60%   6,6   60%,40%   4,4   40%,12.0,11.0,9.78,12.25,4.78,5.13,4.44,4.13,54.43,50.38,45.57,49.63,5.89,4.5,4.0,4.63,9.33,10.43,8.67,9.57,2.6,1.71,2.8,1.71,1.11,0.75,0.89,1.13,0.0,0.0,0.0,0.13
6,15326169,"Бундеслига, 1-й тур, регулярный сезон, 14.08.2021 16:30",14.08.2021 16:30,Вольфсбург,1,Бохум,0,+15°C,пасмурно,1.47,4.75,7.5,2.22,1.63,10,10,(339) 14.1,6.9 (166),20%   2,6   60%,10%   1,2   20%,70%   7,2   20%,12,29,20,11,1.2,2.9,2.0,1.1,10%   1,3   30%,60%   6,6   60%,80%   8,7   70%,20%   2,3   30%,10.89,8.71,9.22,6.43,3.89,6.14,3.78,3.86,41.0,55.5,59.0,44.5,5.0,5.86,5.33,4.43,8.86,11.25,9.0,10.25,1.2,3.0,0.8,3.0,1.33,1.0,1.56,0.86,0.0,0.0,0.11,0.14
7,15326170,"Бундеслига, 1-й тур, регулярный сезон, 14.08.2021 19:30",14.08.2021 19:30,Боруссия Дортмунд,5,Айнтрахт Франкфурт,2,+16°C,переменная облачность,1.53,5.4,6.1,2.99,1.37,10,10,(164) 6.8,6.1 (146),80%   8,4   40%,0,1   10%,20%   2,5   50%,27,20,10,19,2.7,2.0,1.0,1.9,40%   4,1   10%,50%   5,8   80%,80%   8,7   70%,20%   2,3   30%,13.89,13.22,10.56,9.22,5.89,5.0,4.22,5.44,55.14,53.17,44.86,46.83,4.89,7.0,3.67,1.89,9.29,8.0,8.43,8.33,1.71,1.6,1.29,1.8,1.0,1.22,1.11,0.33,0.0,0.11,0.0,0.0
8,15326171,"Бундеслига, 2-й тур, регулярный сезон, 21.08.2021 16:30",21.08.2021 16:30,Гройтер,1,Арминия Билефельд,1,+13°C,переменная облачность,2.62,3.54,2.77,2.0,1.9,10,10,(167) 7.0,7.0 (167),20%   2,3   30%,30%   3,4   40%,50%   5,3   30%,17,13,21,18,1.7,1.3,2.1,1.8,0,4   40%,80%   8,4   40%,70%   7,4   40%,30%   3,6   60%,10.0,10.22,8.0,9.0,6.86,5.22,4.71,4.11,61.17,49.63,38.83,50.38,6.29,4.11,4.14,3.56,12.0,7.88,11.83,8.63,3.2,0.86,2.0,1.71,1.43,1.67,2.29,1.89,0.14,0.0,0.0,0.0
9,15326172,"Бундеслига, 2-й тур, регулярный сезон, 21.08.2021 16:30",21.08.2021 16:30,Бохум,2,Майнц,0,+15°C,переменная облачность,2.9,3.6,2.49,1.97,1.93,10,10,(167) 7.0,6.0 (143),60%   6,6   60%,10%   1,2   20%,30%   3,2   20%,28,15,11,13,2.8,1.5,1.1,1.3,30%   3,2   20%,50%   5,7   70%,70%   7,5   50%,30%   3,5   50%,9.43,12.22,8.14,10.22,6.0,4.56,4.29,3.44,53.0,43.43,47.0,56.57,5.14,6.56,3.57,5.33,9.0,13.29,8.5,11.71,3.0,2.0,2.33,1.57,1.0,0.89,0.71,1.67,0.14,0.0,0.14,0.0
10,15326173,"Бундеслига, 2-й тур, регулярный сезон, 21.08.2021 16:35",21.08.2021 16:35,Герта,1,Вольфсбург,2,+15°C,переменная облачность,3.3,3.55,2.27,1.96,1.94,10,10,(141) 5.9,7.0 (167),60%   6,3   30%,30%   3,1   10%,10%   1,6   60%,29,13,16,18,2.9,1.3,1.6,1.8,30%   3,2   20%,70%   7,6   60%,80%   8,8   80%,20%   2,2   20%,7.5,10.89,8.63,9.22,4.25,4.78,3.88,3.44,63.5,41.57,36.5,58.43,4.38,4.44,3.25,5.33,10.75,8.71,12.75,8.43,1.67,1.4,1.33,1.0,1.38,1.22,1.25,1.56,0.0,0.0,0.0,0.11
11,15326174,"Бундеслига, 2-й тур, регулярный сезон, 22.08.2021 16:30",22.08.2021 16:30,Хоффенхайм,2,Унион Берлин,2,+13°C,переменная облачность,1.87,3.7,4.55,2.11,1.81,10,10,(191) 8.0,2.8 (68),50%   5,7   70%,40%   4,3   30%,10%   1,0,20,22,11,7,2.0,2.2,1.1,0.7,20%   2,4   40%,70%   7,6   60%,60%   6,5   50%,40%   4,5   50%,12.75,11.44,8.75,8.89,6.0,5.33,3.75,3.44,50.86,52.71,49.14,47.29,5.0,5.33,4.75,4.89,10.0,10.5,9.29,6.83,2.0,2.4,3.0,2.4,1.5,1.11,1.13,1.11,0.0,0.0,0.0,0.0
12,15326175,"Бундеслига, 2-й тур, регулярный сезон, 21.08.2021 16:30",21.08.2021 16:30,Фрайбург,2,Боруссия Дортмунд,1,+14°C,переменная облачность,4.3,4.33,1.78,2.49,1.51,10,10,(167) 7.0,3.8 (90),30%   3,7   70%,40%   4,0,30%   3,3   30%,12,25,13,13,1.2,2.5,1.3,1.3,30%   3,3   30%,60%   6,6   60%,60%   6,8   80%,40%   4,2   20%,10.63,12.67,11.0,11.56,4.63,5.78,4.63,4.0,56.25,55.57,43.75,44.43,4.88,4.78,4.0,3.44,10.71,9.71,9.86,10.0,2.17,2.29,1.5,0.71,1.63,1.11,1.88,1.11,0.0,0.0,0.0,0.0
13,15326176,"Бундеслига, 2-й тур, регулярный сезон, 21.08.2021 19:30",21.08.2021 19:30,Байер,4,Боруссия М,0,+12°C,небольшой дождь,2.3,3.75,3.34,2.24,1.62,10,10,(170) 7.1,7.9 (189),30%   3,5   50%,40%   4,2   20%,30%   3,3   30%,13,15,14,17,1.3,1.5,1.4,1.7,30%   3,3   30%,60%   6,6   60%,50%   5,6   60%,50%   5,4   40%,11.88,9.7,11.88,11.3,4.88,4.1,4.5,5.0,53.13,48.89,46.88,51.11,5.0,3.6,4.38,5.2,9.43,9.38,9.71,9.88,1.86,1.83,1.86,2.86,0.75,1.5,1.0,1.3,0.0,0.0,0.13,0.1
14,15326177,"Бундеслига, 2-й тур, регулярный сезон, 21.08.2021 16:30",21.08.2021 16:30,Айнтрахт Франкфурт,0,Аугсбург,0,+15°C,пасмурно,1.66,4.4,5.15,2.36,1.56,10,10,(164) 6.8,7.0 (167),40%   4,3   30%,10%   1,2   20%,50%   5,5   50%,21,19,21,23,2.1,1.9,2.1,2.3,10%   1,1   10%,80%   8,8   80%,70%   7,9   90%,30%   3,1   10%,13.33,14.6,8.56,12.4,5.0,6.5,5.22,6.3,51.5,45.17,48.5,54.83,6.67,7.0,2.11,3.7,9.17,10.5,7.67,11.5,1.8,2.33,2.4,1.83,1.11,1.3,0.22,1.3,0.11,0.1,0.0,0.1
15,15326178,"Бундеслига, 2-й тур, регулярный сезон, 20.08.2021 21:30",20.08.2021 21:30,РБ Лейпциг,4,Штутгарт,0,+16°C,умеренный дождь,1.55,4.85,6.65,2.52,1.5,10,10,(124) 5.2,6.2 (148),30%   3,6   60%,20%   2,2   20%,50%   5,2   20%,15,32,16,11,1.5,3.2,1.6,1.1,20%   2,3   30%,70%   7,5   50%,70%   7,6   60%,30%   3,4   40%,13.7,8.44,8.7,4.89,4.6,3.78,3.1,2.56,54.0,62.8,46.0,37.2,6.7,2.67,4.2,3.44,10.2,9.17,11.3,8.17,2.89,1.8,1.67,0.6,1.4,0.33,1.8,0.56,0.0,0.0,0.0,0.0
16,15326179,"Бундеслига, 2-й тур, регулярный сезон, 22.08.2021 18:30",22.08.2021 18:30,Бавария,3,Кёльн,2,+11°C,небольшой дождь,1.13,10.75,21.0,4.5,1.16,10,10,(116) 4.8,7.0 (167),30%   3,7   70%,30%   3,2   20%,40%   4,1   10%,22,22,18,9,2.2,2.2,1.8,0.9,10%   1,2   20%,70%   7,7   70%,80%   8,5   50%,20%   2,5   50%,16.1,18.78,10.4,8.0,5.7,7.11,4.6,3.44,57.56,46.29,42.44,53.71,5.9,7.22,3.5,3.11,10.89,11.33,9.67,10.17,2.0,1.75,2.33,1.25,1.3,1.56,1.2,1.0,0.1,0.0,0.0,0.0
17,15326180,"Бундеслига, 3-й тур, регулярный сезон, 28.08.2021 16:30",28.08.2021 16:30,Кёльн,2,Бохум,1,+12°C,умеренный дождь,1.72,4.1,5.0,2.36,1.66,10,10,(141) 5.9,7.0 (167),70%   7,6   60%,20%   2,1   10%,10%   1,3   30%,24,27,11,10,2.4,2.7,1.1,1.0,20%   2,4   40%,80%   8,4   40%,60%   6,6   60%,40%   4,4   40%,18.33,9.71,8.33,9.29,7.0,5.86,3.0,4.0,45.14,52.4,54.86,47.6,6.67,5.0,2.0,3.71,9.5,9.5,9.17,10.75,1.5,2.67,1.25,1.67,1.22,1.43,0.78,1.0,0.0,0.14,0.0,0.14
18,15326181,"Бундеслига, 3-й тур, регулярный сезон, 28.08.2021 16:30",28.08.2021 16:30,Арминия Билефельд,1,Айнтрахт Франкфурт,1,+17°C,переменная облачность,3.42,3.68,2.17,2.06,1.85,10,10,(167) 7.0,7.0 (167),30%   3,4   40%,50%   5,1   10%,20%   2,5   50%,14,20,14,20,1.4,2.0,1.4,2.0,40%   4,2   20%,50%   5,7   70%,30%   3,7   70%,70%   7,3   30%,10.33,13.78,8.89,8.22,4.78,5.22,3.33,4.89,48.88,49.5,51.13,50.5,4.0,6.44,3.67,2.0,8.75,9.17,8.75,7.0,1.0,1.8,2.43,2.6,1.67,1.22,2.22,0.56,0.11,0.11,0.0,0.0
19,15326182,"Бундеслига, 3-й тур, регулярный сезон, 28.08.2021 16:30",28.08.2021 16:30,Аугсбург,1,Байер,4,+11°C,пасмурно,4.95,4.25,1.7,2.25,1.72,10,10,(167) 7.0,6.8 (164),30%   3,4   40%,30%   3,4   40%,40%   4,2   20%,17,17,20,12,1.7,1.7,2.0,1.2,20%   2,4   40%,70%   7,6   60%,80%   8,6   60%,20%   2,4   40%,13.9,12.5,12.9,10.0,6.0,5.13,6.3,4.0,43.0,54.13,57.0,45.88,6.5,5.5,4.0,3.88,9.0,8.71,11.0,10.43,2.67,2.0,2.0,1.71,1.4,1.25,1.3,1.25,0.1,0.0,0.1,0.13
20,15326183,"Бундеслига, 3-й тур, регулярный сезон, 28.08.2021 16:30",28.08.2021 16:30,Майнц,3,Гройтер,0,+16°C,пасмурно,1.59,4.45,5.85,2.42,1.63,10,10,(167) 7.0,7.0 (167),60%   6,2   20%,10%   1,3   30%,30%   3,5   50%,14,16,14,20,1.4,1.6,1.4,2.0,20%   2,0,60%   6,8   80%,50%   5,6   60%,50%   5,4   40%,11.89,11.86,10.22,9.0,4.0,6.71,3.33,4.43,42.86,61.67,57.14,38.33,6.67,5.86,5.11,3.86,13.57,12.33,12.0,12.0,1.86,3.6,1.57,1.8,1.0,1.71,1.78,2.0,0.0,0.14,0.0,0.14
21,15326184,"Бундеслига, 3-й тур, регулярный сезон, 28.08.2021 16:30",28.08.2021 16:30,Штутгарт,2,Фрайбург,3,+15°C,переменная облачность,2.16,3.66,3.46,2.3,1.69,10,10,(186) 7.8,7.0 (167),60%   6,4   40%,20%   2,4   40%,20%   2,2   20%,32,14,13,11,3.2,1.4,1.3,1.1,30%   3,3   30%,50%   5,7   70%,70%   7,6   60%,30%   3,4   40%,8.56,10.0,6.33,11.88,4.33,4.75,3.11,4.38,57.4,51.88,42.6,48.13,2.56,4.13,3.44,4.75,9.0,10.86,8.0,10.43,1.6,1.83,0.8,1.33,0.56,1.38,0.56,1.88,0.0,0.0,0.0,0.0
22,15326185,"Бундеслига, 3-й тур, регулярный сезон, 29.08.2021 16:30",29.08.2021 16:30,Унион Берлин,2,Боруссия М,1,+15°C,переменная облачность,2.62,3.32,2.92,2.02,1.88,10,10,(66) 2.8,7.8 (188),60%   6,5   50%,40%   4,2   20%,0,3   30%,21,15,7,15,2.1,1.5,0.7,1.5,50%   5,3   30%,50%   5,6   60%,50%   5,6   60%,50%   5,4   40%,12.33,9.5,7.67,10.0,6.11,4.5,2.78,4.7,53.14,49.89,46.86,50.11,5.33,3.6,5.22,5.4,9.5,9.63,7.0,10.63,3.2,2.17,1.6,2.86,0.89,1.5,1.11,1.7,0.11,0.0,0.0,0.0
23,15326186,"Бундеслига, 3-й тур, регулярный сезон, 29.08.2021 18:30",29.08.2021 18:30,Вольфсбург,1,РБ Лейпциг,0,+15°C,пасмурно,3.38,3.6,2.33,2.02,1.97,10,10,(192) 8.0,8.8 (212),30%   3,3   30%,10%   1,2   20%,60%   6,5   50%,12,17,19,15,1.2,1.7,1.9,1.5,10%   1,3   30%,70%   7,6   60%,80%   8,7   70%,20%   2,3   30%,10.11,13.7,9.67,9.1,4.22,5.0,3.89,3.2,41.43,52.8,58.57,49.0,4.44,6.4,5.44,4.7,10.43,9.3,9.0,9.8,1.4,2.22,0.8,1.33,1.33,1.1,1.67,2.1,0.0,0.0,0.11,0.0
24,15326187,"Бундеслига, 3-й тур, регулярный сезон, 27.08.2021 21:30",27.08.2021 21:30,Боруссия Дортмунд,3,Хоффенхайм,2,+16°C,переменная облачность,1.41,5.45,7.6,3.46,1.29,10,10,(148) 6.2,5.2 (124),60%   6,5   50%,0,4   40%,40%   4,1   10%,22,21,14,12,2.2,2.1,1.4,1.2,30%   3,2   20%,60%   6,7   70%,80%   8,7   70%,20%   2,3   30%,13.67,11.63,9.78,8.38,5.67,5.88,4.0,3.88,60.71,52.0,39.29,48.0,5.11,5.13,3.0,4.63,9.71,9.57,10.14,9.29,2.14,2.0,0.57,3.67,1.0,1.38,1.0,1.25,0.0,0.0,0.0,0.13
25,15326188,"Бундеслига, 3-й тур, регулярный сезон, 28.08.2021 19:30",28.08.2021 19:30,Бавария,5,Герта,0,+11°C,небольшой дождь,1.17,10.25,21.0,3.98,1.23,10,10,(69) 2.9,7.0 (169),40%   4,5   50%,30%   3,3   30%,30%   3,2   20%,30,23,18,18,3.0,2.3,1.8,1.8,10%   1,2   20%,70%   7,8   80%,80%   8,8   80%,20%   2,2   20%,16.0,8.0,9.4,8.78,7.2,4.33,4.4,3.78,57.56,59.0,42.44,41.0,6.3,4.33,3.8,3.33,11.56,11.0,9.22,14.4,1.67,1.25,2.33,1.25,1.1,1.33,0.8,1.33,0.0,0.0,0.1,0.0
26,15326189,"Бундеслига, 4-й тур, регулярный сезон, 11.09.2021 16:30",11.09.2021 16:30,Гройтер,0,Вольфсбург,2,+13°C,переменная облачность,4.8,4.2,1.73,2.36,1.56,10,10,(335) 14.0,10.1 (243),10%   1,4   40%,30%   3,1   10%,60%   6,5   50%,12,12,21,17,1.2,1.2,2.1,1.7,0,2   20%,70%   7,6   60%,60%   6,7   70%,40%   4,3   30%,12.14,8.88,11.14,8.5,5.86,3.38,5.14,3.25,61.67,39.5,38.33,60.5,5.86,4.63,4.14,4.75,11.5,9.83,12.83,8.17,3.0,1.75,2.0,0.75,2.0,1.25,2.0,1.38,0.14,0.0,0.14,0.13
27,15326190,"Бундеслига, 4-й тур, регулярный сезон, 12.09.2021 18:30",12.09.2021 18:30,Бохум,1,Герта,3,+15°C,переменная облачность,2.74,3.4,2.73,1.97,1.93,10,10,(242) 10.1,14.9 (358),50%   5,4   40%,0,3   30%,50%   5,3   30%,16,20,11,22,1.6,2.0,1.1,2.2,30%   3,2   20%,40%   4,7   70%,50%   5,8   80%,50%   5,2   20%,9.11,7.9,11.11,9.4,4.78,4.2,4.22,4.0,42.43,56.0,57.57,44.0,4.78,4.2,3.89,3.8,10.0,10.0,9.0,12.67,2.25,1.6,2.0,1.0,1.22,1.2,1.11,1.2,0.11,0.0,0.11,0.0
28,15326191,"Бундеслига, 4-й тур, регулярный сезон, 11.09.2021 16:30",11.09.2021 16:30,Хоффенхайм,0,Майнц,2,+13°C,переменная облачность,2.24,3.74,3.22,2.25,1.62,10,10,(354) 14.8,9.1 (219),40%   4,7   70%,40%   4,1   10%,20%   2,2   20%,19,15,13,10,1.9,1.5,1.3,1.0,20%   2,4   40%,70%   7,4   40%,70%   7,5   50%,30%   3,5   50%,10.0,12.0,10.5,8.33,5.0,4.0,5.13,2.78,49.57,48.33,50.43,51.67,4.88,7.22,4.75,5.0,9.57,15.83,8.86,12.83,1.83,2.33,4.17,2.0,1.63,1.22,1.25,1.78,0.0,0.0,0.13,0.0
29,15326192,"Бундеслига, 4-й тур, регулярный сезон, 11.09.2021 16:30",11.09.2021 16:30,Фрайбург,1,Кёльн,1,+14°C,переменная облачность,2.28,3.65,3.2,2.18,1.76,10,10,(335) 14.0,14.0 (335),40%   4,7   70%,40%   4,2   20%,20%   2,1   10%,13,21,12,11,1.3,2.1,1.2,1.1,30%   3,2   20%,70%   7,8   80%,60%   6,6   60%,40%   4,4   40%,10.63,18.67,11.5,8.22,4.88,6.33,5.0,2.89,50.75,48.71,49.25,51.29,4.5,6.33,5.38,2.33,10.57,8.67,9.86,11.33,1.5,1.75,1.33,1.25,1.25,1.0,1.88,0.78,0.0,0.0,0.0,0.0
30,15326193,"Бундеслига, 4-й тур, регулярный сезон, 12.09.2021 20:30",12.09.2021 20:30,Боруссия М,3,Арминия Билефельд,1,+13°C,небольшой дождь,1.46,4.7,7.9,2.43,1.53,10,10,(339) 14.1,15.1 (363),50%   5,3   30%,20%   2,5   50%,30%   3,2   20%,15,15,15,15,1.5,1.5,1.5,1.5,30%   3,3   30%,60%   6,6   60%,60%   6,3   30%,40%   4,7   70%,10.4,10.44,9.9,9.0,4.6,4.67,4.4,3.22,52.11,48.88,47.89,51.13,4.2,4.11,5.7,3.67,8.75,9.25,10.75,9.25,2.33,1.0,2.57,2.57,1.3,1.22,1.5,2.22,0.0,0.11,0.0,0.0
31,15326194,"Бундеслига, 4-й тур, регулярный сезон, 11.09.2021 16:30",11.09.2021 16:30,Унион Берлин,0,Аугсбург,0,+15°C,переменная облачность,1.72,4.1,5.0,2.02,1.88,10,10,(243) 10.1,9.8 (236),60%   6,3   30%,40%   4,3   30%,0,4   40%,17,17,6,23,1.7,1.7,0.6,2.3,50%   5,1   10%,50%   5,8   80%,40%   4,9   90%,60%   6,1   10%,12.22,13.56,8.44,12.78,6.22,5.56,2.89,6.11,50.0,44.0,50.0,56.0,4.67,5.78,5.11,4.11,10.29,8.4,7.0,9.0,2.67,2.4,1.83,1.6,1.11,1.22,1.0,1.33,0.11,0.0,0.0,0.0
32,15326195,"Бундеслига, 4-й тур, регулярный сезон, 11.09.2021 16:30",11.09.2021 16:30,Байер,3,Боруссия Дортмунд,4,+12°C,небольшой дождь,3.08,3.98,2.35,2.78,1.42,10,10,(335) 14.0,14.8 (354),40%   4,6   60%,40%   4,0,20%   2,4   40%,18,22,12,15,1.8,2.2,1.2,1.5,40%   4,3   30%,60%   6,6   60%,60%   6,8   80%,40%   4,2   20%,11.88,14.78,10.5,8.67,4.5,6.67,4.13,3.56,55.13,59.71,44.88,41.43,5.38,5.33,3.63,3.0,8.86,9.43,11.14,10.29,1.86,2.71,1.86,0.71,1.25,1.22,1.13,1.33,0.0,0.0,0.13,0.0
33,15326196,"Бундеслига, 4-й тур, регулярный сезон, 12.09.2021 16:30",12.09.2021 16:30,Айнтрахт Франкфурт,1,Штутгарт,1,+15°C,пасмурно,2.11,3.82,3.45,2.3,1.59,10,10,(359) 15.0,10.1 (243),40%   4,5   50%,20%   2,2   20%,40%   4,3   30%,18,24,17,15,1.8,2.4,1.7,1.5,20%   2,3   30%,70%   7,5   50%,60%   6,7   70%,40%   4,3   30%,12.56,9.11,8.67,7.11,4.67,4.67,4.78,3.44,49.83,58.67,50.17,41.33,5.44,3.11,2.33,3.67,10.17,9.29,7.83,8.86,1.2,1.5,2.0,0.67,1.33,0.78,0.56,0.67,0.11,0.0,0.0,0.0
34,15326197,"Бундеслига, 4-й тур, регулярный сезон, 11.09.2021 19:30",11.09.2021 19:30,РБ Лейпциг,1,Бавария,4,+16°C,умеренный дождь,3.1,4.2,2.26,2.94,1.38,10,10,(312) 13.0,14.0 (335),30%   3,5   50%,20%   2,2   20%,50%   5,3   30%,15,33,13,16,1.5,3.3,1.3,1.6,30%   3,2   20%,50%   5,6   60%,60%   6,8   80%,40%   4,2   20%,13.9,15.8,8.1,8.9,4.6,7.2,3.1,4.4,52.1,57.67,47.9,42.33,6.4,6.3,3.9,3.7,9.8,10.56,10.5,8.67,2.11,1.44,1.44,2.11,1.2,0.9,2.4,0.7,0.0,0.0,0.0,0.1
35,15326198,"Бундеслига, 5-й тур, регулярный сезон, 18.09.2021 19:30",18.09.2021 19:30,Кёльн,1,РБ Лейпциг,1,+12°C,умеренный дождь,3.88,3.86,1.97,2.32,1.58,10,10,(170) 7.1,2.8 (68),60%   6,3   30%,30%   3,1   10%,10%   1,6   60%,18,16,12,17,1.8,1.6,1.2,1.7,10%   1,3   30%,90%   9,5   50%,50%   5,6   60%,50%   5,4   40%,17.56,12.1,8.22,9.3,5.67,4.4,2.44,3.6,41.43,50.1,58.57,49.9,6.11,5.4,2.78,4.1,10.5,9.8,13.5,9.8,1.6,2.67,2.0,1.78,1.22,0.9,1.0,1.7,0.11,0.1,0.0,0.0
36,15326199,"Бундеслига, 5-й тур, регулярный сезон, 18.09.2021 16:30",18.09.2021 16:30,Арминия Билефельд,0,Хоффенхайм,0,+17°C,переменная облачность,3.8,3.65,2.05,2.32,1.68,10,10,(139) 5.8,7.0 (167),30%   3,4   40%,40%   4,3   30%,30%   3,3   30%,15,18,17,14,1.5,1.8,1.7,1.4,30%   3,2   20%,60%   6,6   60%,40%   4,7   70%,60%   6,3   30%,10.33,10.13,10.0,9.75,4.78,4.63,3.33,5.0,48.5,50.0,51.5,50.0,3.44,4.88,3.56,4.13,10.88,10.71,9.5,10.29,0.86,2.0,2.71,4.5,1.22,1.63,2.11,1.25,0.11,0.0,0.0,0.13
37,15326200,"Бундеслига, 5-й тур, регулярный сезон, 17.09.2021 21:30",17.09.2021 21:30,Герта,2,Гройтер,1,+15°C,переменная облачность,1.77,3.9,4.9,1.97,1.93,10,10,(122) 5.1,6.2 (148),50%   5,0,20%   2,3   30%,30%   3,7   70%,19,9,19,21,1.9,0.9,1.9,2.1,20%   2,0,70%   7,6   60%,80%   8,5   50%,20%   2,5   50%,7.3,12.43,9.8,11.86,4.0,5.29,3.8,5.14,53.0,58.5,47.0,41.5,4.0,5.57,4.2,4.29,11.0,12.33,12.14,13.33,1.67,2.4,1.0,1.6,1.5,1.86,1.2,2.0,0.0,0.0,0.0,0.14
38,15326201,"Бундеслига, 5-й тур, регулярный сезон, 18.09.2021 16:30",18.09.2021 16:30,Аугсбург,1,Боруссия М,0,+16°C,солнечно,3.48,3.8,2.11,2.28,1.6,10,10,(167) 7.0,5.8 (139),30%   3,5   50%,40%   4,2   20%,30%   3,3   30%,15,14,18,14,1.5,1.4,1.8,1.4,20%   2,3   30%,70%   7,6   60%,80%   8,6   60%,20%   2,4   40%,14.0,10.5,11.22,9.8,5.78,4.2,5.0,4.2,46.4,53.11,53.6,46.89,6.0,4.0,3.67,5.9,9.0,8.5,9.8,10.63,2.2,2.0,1.6,2.29,1.33,1.2,1.33,1.5,0.0,0.0,0.0,0.0
39,15326202,"Бундеслига, 5-й тур, регулярный сезон, 18.09.2021 16:30",18.09.2021 16:30,Майнц,0,Фрайбург,0,+16°C,пасмурно,2.0,3.54,4.15,1.9,2.0,10,10,(167) 7.0,7.0 (167),70%   7,4   40%,10%   1,4   40%,20%   2,2   20%,14,12,8,11,1.4,1.2,0.8,1.1,50%   5,3   30%,30%   3,7   70%,40%   4,5   50%,60%   6,5   50%,11.33,10.13,7.44,10.75,3.67,4.63,1.89,4.75,48.17,52.13,51.83,47.88,7.0,4.5,4.67,4.63,15.17,11.14,13.5,9.71,2.67,1.5,2.17,1.17,1.0,1.38,1.67,1.88,0.0,0.0,0.0,0.13
40,15326203,"Бундеслига, 5-й тур, регулярный сезон, 19.09.2021 16:30",19.09.2021 16:30,Штутгарт,1,Байер,3,+15°C,переменная облачность,3.62,3.9,2.13,2.46,1.52,10,10,(167) 7.0,2.8 (67),50%   5,5   50%,20%   2,2   20%,30%   3,3   30%,24,22,15,16,2.4,2.2,1.5,1.6,30%   3,3   30%,50%   5,7   70%,70%   7,8   80%,30%   3,2   20%,9.22,12.63,8.44,9.75,4.89,5.13,3.67,4.38,50.83,55.0,49.17,45.0,3.33,5.75,4.0,3.13,10.57,8.57,10.43,9.71,1.43,1.71,0.86,1.0,1.22,1.38,0.78,0.88,0.11,0.0,0.0,0.0
41,15326204,"Бундеслига, 5-й тур, регулярный сезон, 19.09.2021 20:30",19.09.2021 20:30,Вольфсбург,1,Айнтрахт Франкфурт,1,+15°C,пасмурно,1.85,3.94,4.33,2.25,1.72,10,10,(117) 4.9,2.9 (69),40%   4,3   30%,20%   2,4   40%,40%   4,3   30%,12,16,13,15,1.2,1.6,1.3,1.5,40%   4,2   20%,50%   5,7   70%,50%   5,4   40%,50%   5,6   60%,8.22,11.89,9.44,7.89,2.78,3.89,3.44,4.11,49.29,58.17,50.71,41.83,4.11,5.33,4.11,3.22,12.71,13.33,10.14,9.0,1.33,2.5,1.5,2.0,1.89,1.56,1.67,1.44,0.11,0.11,0.11,0.11
